architecture,scenario,round,n_clients,clients_participated,duration_sec,success,test_acc,test_loss,bytes_to_aggregator,bytes_p2p_direct,bytes_relay,timestamp
B,e7_airlstm_iid,1,10,10,2.2658547731116414,True,0.28820337046558125,1.0971760521000435,510570,510570,0,1781530548.1005528
B,e7_airlstm_iid,2,10,10,2.1899000250268728,True,0.4972864895744073,1.0687637411502728,510570,510570,0,1781530550.2907326
B,e7_airlstm_iid,3,10,10,2.181426679948345,True,0.5232790631248215,1.0258167656242285,510570,510570,0,1781530552.472408
B,e7_airlstm_iid,4,10,10,2.1849280560854822,True,0.5364181662382177,0.9862833742889735,510570,510570,0,1781530554.6575866
B,e7_airlstm_iid,5,10,10,2.188690367853269,True,0.5378463296201086,0.9733943181254461,510570,510570,0,1781530556.8465762
B,e7_airlstm_iid,6,10,10,2.172041278099641,True,0.5412739217366467,0.9724353135772787,510570,510570,0,1781530559.0188656
B,e7_airlstm_iid,7,10,10,2.17100145178847,True,0.5458440445586975,0.9632737867085125,510570,510570,0,1781530561.1901019
B,e7_airlstm_iid,8,10,10,2.2576522848103195,True,0.5447015138531848,0.9603811550467262,510570,510570,0,1781530563.4480035
B,e7_airlstm_iid,9,10,10,2.169244301971048,True,0.5424164524421594,0.9592630840716652,510570,510570,0,1781530565.6175125
B,e7_airlstm_iid,10,10,10,2.168481663102284,True,0.5421308197657813,0.9572287469004196,510570,510570,0,1781530567.786244
B,e7_airlstm_iid,11,10,10,2.173359986860305,True,0.5467009425878321,0.9604163086438172,510570,510570,0,1781530569.959851
B,e7_airlstm_iid,12,10,10,2.1714840608183295,True,0.5458440445586975,0.9644354718714161,510570,510570,0,1781530572.131586
B,e7_airlstm_iid,13,10,10,2.1659939298406243,True,0.5469865752642102,0.9570297628973117,510570,510570,0,1781530574.2978413
B,e7_airlstm_iid,14,10,10,2.16758702788502,True,0.5475578406169666,0.9580724917967229,510570,510570,0,1781530576.4656687
B,e7_airlstm_iid,15,10,10,2.257665365934372,True,0.5469865752642102,0.9593816770890276,510570,510570,0,1781530578.7235913
B,e7_airlstm_iid,16,10,10,2.1702721568290144,True,0.5455584118823193,0.9663581036731401,510570,510570,0,1781530580.8941364
B,e7_airlstm_iid,17,10,10,2.1728564489167184,True,0.548129105969723,0.9562396772314364,510570,510570,0,1781530583.0672245
B,e7_airlstm_iid,18,10,10,2.171726308995858,True,0.5449871465295629,0.9574850187475972,510570,510570,0,1781530585.2391903
B,e7_airlstm_iid,19,10,10,2.168043876066804,True,0.5458440445586975,0.9580413258371949,510570,510570,0,1781530587.4074533
B,e7_airlstm_iid,20,10,10,2.1715179700404406,True,0.5467009425878321,0.959693804566297,510570,510570,0,1781530589.5791912
B,e7_airlstm_iid,21,10,10,2.177258278010413,True,0.5467009425878321,0.9544011353765409,510570,510570,0,1781530591.7566733
B,e7_airlstm_iid,22,10,10,2.248962785117328,True,0.5455584118823193,0.9589037023520885,510570,510570,0,1781530594.005864
B,e7_airlstm_iid,23,10,10,2.1696638371795416,True,0.5461296772350757,0.9537621245865003,510570,510570,0,1781530596.1757548
B,e7_airlstm_iid,24,10,10,2.1683781559113413,True,0.5469865752642102,0.9588878154414138,510570,510570,0,1781530598.3443558
B,e7_airlstm_iid,25,10,10,2.1694827910978347,True,0.5504141673807483,0.9618643274037575,510570,510570,0,1781530600.514059
B,e7_airlstm_iid,26,10,10,2.16919265803881,True,0.5441302485004285,0.9529139176330305,510570,510570,0,1781530602.6834705
B,e7_airlstm_iid,27,10,10,2.1766876641195267,True,0.5455584118823193,0.9549621921442332,510570,510570,0,1781530604.8603835
B,e7_airlstm_iid,28,10,10,2.1740532140247524,True,0.5467009425878321,0.9595757321063807,510570,510570,0,1781530607.0346546
B,e7_airlstm_iid,29,10,10,2.171488451072946,True,0.5472722079405884,0.9591373123805274,510570,510570,0,1781530609.2063718
B,e7_airlstm_iid,30,10,10,2.2578391530551016,True,0.5484147386461011,0.9596125952552571,510570,510570,0,1781530611.4644325
B,e7_airlstm_iid,31,10,10,2.1741353650577366,True,0.5467009425878321,0.9576228272741231,510570,510570,0,1781530613.6387854
B,e7_airlstm_iid,32,10,10,2.176756441127509,True,0.5409882890602685,0.9667798754011894,510570,510570,0,1781530615.8157766
B,e7_airlstm_iid,33,10,10,2.1767261680215597,True,0.549842902027992,0.9536909975688208,510570,510570,0,1781530617.9927273
B,e7_airlstm_iid,34,10,10,2.1727629338856786,True,0.5484147386461011,0.9555096714811916,510570,510570,0,1781530620.1657088
B,e7_airlstm_iid,35,10,10,2.1750065539963543,True,0.5464153099114538,0.9560192275203933,510570,510570,0,1781530622.3409564
B,e7_airlstm_iid,36,10,10,2.1753385849297047,True,0.5495572693516139,0.9573042977370387,510570,510570,0,1781530624.5165465
B,e7_airlstm_iid,37,10,10,2.2511511149350554,True,0.5461296772350757,0.9575635405548366,510570,510570,0,1781530626.7679503
B,e7_airlstm_iid,38,10,10,2.1771308430470526,True,0.5475578406169666,0.953823634298554,510570,510570,0,1781530628.9453173
B,e7_airlstm_iid,39,10,10,2.1775147321168333,True,0.5467009425878321,0.9556999874945812,510570,510570,0,1781530631.1230774
B,e7_airlstm_iid,40,10,10,2.1781080288346857,True,0.5478434732933447,0.9560840175819887,510570,510570,0,1781530633.3014283
B,e7_airlstm_iid,41,10,10,2.1775142699480057,True,0.5489860039988574,0.9590490944758037,510570,510570,0,1781530635.4791908
B,e7_airlstm_iid,42,10,10,2.1737274010665715,True,0.5501285347043702,0.9591044584910074,510570,510570,0,1781530637.6531649
B,e7_airlstm_iid,43,10,10,2.1811240089591593,True,0.5495572693516139,0.9500649504850879,510570,510570,0,1781530639.8345554
B,e7_airlstm_iid,44,10,10,2.2585974980611354,True,0.5458440445586975,0.9534879883709243,510570,510570,0,1781530642.0934336
B,e7_airlstm_iid,45,10,10,2.1694062082096934,True,0.5484147386461011,0.956789382080867,510570,510570,0,1781530644.2630887
B,e7_airlstm_iid,46,10,10,2.172765722963959,True,0.5455584118823193,0.9538294116077134,510570,510570,0,1781530646.4361153
B,e7_airlstm_iid,47,10,10,2.1718870459590107,True,0.5489860039988574,0.95691416597952,510570,510570,0,1781530648.608262
B,e7_airlstm_iid,48,10,10,2.1686245081946254,True,0.5461296772350757,0.9539668639705237,510570,510570,0,1781530650.7771366
B,e7_airlstm_iid,49,10,10,2.1834888809826225,True,0.5492716366752356,0.958832784367779,510570,510570,0,1781530652.9608762
B,e7_airlstm_iid,50,10,10,2.1791518481913954,True,0.5478434732933447,0.9547241590459563,510570,510570,0,1781530655.1402779
