round,samples,accuracy,balanced_accuracy,macro_f1,weighted_f1,precision_Bajo,recall_Bajo,f1_Bajo,precision_Medio,recall_Medio,f1_Medio,precision_Alto,recall_Alto,f1_Alto
1,3580,0.582122905027933,0.4297564684858835,0.36106313416416597,0.6066704395626993,0.8565815324165029,0.6435424354243543,0.7349346818373367,0.21875,0.6339622641509434,0.32526621490803487,0.5,0.011764705882352941,0.022988505747126436
2,3580,0.5796089385474861,0.4301672461785661,0.36032907926144,0.6045800284716937,0.8565776458951533,0.6391143911439114,0.7320371935756551,0.21870967741935485,0.6396226415094339,0.32596153846153847,0.5,0.011764705882352941,0.022988505747126436
3,3580,0.5787709497206703,0.42641120362368995,0.3573044032393969,0.6037535458349701,0.8555226824457594,0.6402214022140221,0.7323765301815112,0.21660181582360571,0.630188679245283,0.3223938223938224,0.3,0.008823529411764706,0.017142857142857144
4,3580,0.5810055865921788,0.43027632274102984,0.3608580089065005,0.6056984433949835,0.8565795958600295,0.6413284132841328,0.7334880776535134,0.21905379131561892,0.6377358490566037,0.32609744331886154,0.5,0.011764705882352941,0.022988505747126436
5,3580,0.5776536312849162,0.42829437839328444,0.3590714693007353,0.6033093546268129,0.8566468253968254,0.637269372693727,0.7308506136267456,0.2169993560849968,0.6358490566037736,0.32357177148343735,0.36363636363636365,0.011764705882352941,0.022792022792022793
6,3580,0.5801675977653631,0.43142510781378623,0.3610263296967387,0.605462604789164,0.8591269841269841,0.6391143911439114,0.7329665679221329,0.21943371943371942,0.6433962264150943,0.3272552783109405,0.4,0.011764705882352941,0.022857142857142857
7,3580,0.5807262569832402,0.4321770398614086,0.36142688979766047,0.6057967563710589,0.8591968269707486,0.6394833948339483,0.7332346096890205,0.21993569131832796,0.6452830188679245,0.32805755395683456,0.5,0.011764705882352941,0.022988505747126436
8,3580,0.579050279329609,0.4299212437185415,0.3600746114360867,0.604426731209367,0.857709469509172,0.6383763837638377,0.7319653056907129,0.21814671814671815,0.6396226415094339,0.3253358925143954,0.4444444444444444,0.011764705882352941,0.022922636103151862
9,3580,0.5782122905027933,0.4290463104409068,0.35953258412862105,0.603771848662882,0.8571428571428571,0.6376383763837639,0.7312738044858231,0.21764327108821635,0.6377358490566037,0.32453192510801726,0.36363636363636365,0.011764705882352941,0.022792022792022793
10,3580,0.5815642458100558,0.4291590046866062,0.35915037302778163,0.6058928157837302,0.8568617806197737,0.6428044280442804,0.7345561880666245,0.21883116883116882,0.6358490566037736,0.32560386473429953,0.42857142857142855,0.008823529411764706,0.01729106628242075
