size,iter,ok,ms,goodput_mbps,conn_type
100000,0,True,2101.81,0.3806,direct
100000,1,True,1992.83,0.4014,direct
100000,2,True,2040.7,0.392,direct
100000,3,True,2017.66,0.3965,direct
100000,4,True,1994.13,0.4012,direct
100000,5,True,2006.09,0.3988,direct
100000,6,True,2000.19,0.4,direct
100000,7,True,2011.36,0.3977,direct
100000,8,True,1998.97,0.4002,direct
100000,9,True,2039.42,0.3923,direct
1000000,0,True,16990.27,0.4709,direct
1000000,1,True,16983.8,0.471,direct
1000000,2,True,16979.61,0.4712,direct
1000000,3,True,16951.98,0.4719,direct
1000000,4,True,16948.35,0.472,direct
1000000,5,True,16957.49,0.4718,direct
1000000,6,True,17000.4,0.4706,direct
1000000,7,True,16981.11,0.4711,direct
1000000,8,True,16961.43,0.4717,direct
1000000,9,True,16956.49,0.4718,direct
10000000,0,True,167287.2,0.4782,direct
10000000,1,True,167248.55,0.4783,direct
10000000,2,True,167325.58,0.4781,direct
10000000,3,True,167251.08,0.4783,direct
10000000,4,True,167384.23,0.4779,direct
10000000,5,True,167399.13,0.4779,direct
10000000,6,True,167425.97,0.4778,direct
10000000,7,True,167561.68,0.4774,direct
10000000,8,True,167397.81,0.4779,direct
10000000,9,True,167935.98,0.4764,direct
