enforce,iter,latency_ms,test
True,0,3980.446,authorised
True,1,4139.028,authorised
True,2,5648.763,authorised
True,3,2776.756,authorised
True,4,4117.414,authorised
True,5,2710.522,authorised
True,6,4511.469,authorised
True,7,2497.322,authorised
True,8,4477.628,authorised
True,9,3614.205,authorised
True,10,2690.728,authorised
True,11,4062.823,authorised
True,12,3523.365,authorised
True,13,2758.496,authorised
True,14,3732.965,authorised
True,15,4458.716,authorised
True,16,3413.946,authorised
True,17,4378.935,authorised
True,18,3574.91,authorised
True,19,3959.148,authorised
True,20,2884.546,authorised
True,21,4518.553,authorised
True,22,4018.853,authorised
True,23,3536.634,authorised
True,24,4654.794,authorised
True,25,2820.881,authorised
True,26,4063.978,authorised
True,27,4622.456,authorised
True,28,3523.991,authorised
True,29,4544.507,authorised
