node_id,architecture,scenario,round,train_loss,train_acc,val_loss,val_acc,samples_used,duration_sec,timestamp
pc2,B,wan,1,1.0401148671632285,0.46153846153846156,,,2912,50.140735934000986,1791362321.679472
pc2,B,wan,2,0.9856777688959143,0.509271978021978,,,2912,0.635295177999069,1791362324.4621942
pc2,B,wan,3,0.9646992873359512,0.5274725274725275,,,2912,1.075433587997395,1791362325.539018
pc2,B,wan,4,0.9586763218208983,0.529532967032967,,,2912,3.4961309249993064,1791362329.0365224
pc2,B,wan,5,0.9552870458298988,0.5336538461538461,,,2912,2.2304099070024677,1791362331.2681031
pc2,B,wan,6,0.9556532783822699,0.5326236263736264,,,2912,2.2136652010012767,1791362333.482724
pc2,B,wan,7,0.9498072626826527,0.532967032967033,,,2912,2.42752830000245,1791362335.911466
pc2,B,wan,8,0.9518490695691371,0.5315934065934066,,,2912,1.6872782389982603,1791362337.5999048
pc2,B,wan,9,0.954453265273964,0.5278159340659341,,,2912,2.3700161640008446,1791362339.9710412
pc2,B,wan,10,0.951352025781359,0.5367445054945055,,,2912,2.868868828001723,1791362342.8409731
pc2,B,wan,11,0.9464006469799922,0.5418956043956044,,,2912,3.700392784005089,1791362346.542604
pc2,B,wan,12,0.9427237012884119,0.5408653846153846,,,2912,2.4132089510021615,1791362348.957124
pc2,B,wan,13,0.9397874795473539,0.538804945054945,,,2912,1.846249132999219,1791362350.8048608
pc2,B,wan,14,0.9341025123229394,0.5456730769230769,,,2912,2.6425383370005875,1791362353.449315
pc2,B,wan,15,0.9328700376080943,0.5453296703296703,,,2912,1.8767761130002327,1791362355.3274632
pc2,B,wan,16,0.929474284360697,0.5473901098901099,,,2912,1.59141651000391,1791362359.0955508
pc2,B,wan,17,0.9305784407552782,0.5442994505494505,,,2912,2.728477174998261,1791362361.825635
pc2,B,wan,18,0.9352471664711669,0.5463598901098901,,,2912,2.0228456480035675,1791362363.8494306
pc2,B,wan,19,0.9396970232764443,0.5436126373626373,,,2912,1.656309213998611,1791362365.506867
pc2,B,wan,20,0.9344346182686942,0.5377747252747253,,,2912,2.367130688006,1791362367.875387
pc2,B,wan,21,0.9333663405952873,0.5449862637362637,,,2912,2.1570120220058016,1791362370.0334158
pc2,B,wan,22,0.9376479747531178,0.542239010989011,,,2912,2.053031205003208,1791362372.0876849
pc2,B,wan,23,0.925672377203847,0.5542582417582418,,,2912,2.245188656997925,1791362374.33657
pc2,B,wan,24,0.9351930834434845,0.5418956043956044,,,2912,2.022568077001779,1791362376.3604965
pc2,B,wan,25,0.9334678938100626,0.5446428571428571,,,2912,2.1575956480010063,1791362378.5191956
pc2,B,wan,26,0.9304708740213415,0.5491071428571429,,,2912,2.015200984002149,1791362380.535601
pc2,B,wan,27,0.9403260232328059,0.5425824175824175,,,2912,1.9714074060029816,1791362382.5085647
pc2,B,wan,28,0.9277977707621815,0.5463598901098901,,,2912,2.051837783001247,1791362384.562706
pc2,B,wan,29,0.9314319746834892,0.5453296703296703,,,2912,2.544795443005569,1791362387.1085489
pc2,B,wan,30,0.9293902968312358,0.5494505494505495,,,2912,2.1184325300055207,1791362389.2280328
