phase,round,t_start_wall,wall_s,cpu_s,cpu_util_pct,rss_peak_mb,power_mean_w,energy_j,energy_method,n_samples
recv,1,1791362269.282,0.9733,0.04,0.34,519.2,3.883,3.7795,hwmon,6
train,1,1791362270.272,49.127,14.15,2.4,650.09,3.8836,190.7905,hwmon,240
send,1,1791362321.659,0.0201,0.08,33.09,650.2,3.885,0.0783,hwmon,1
recv,2,1791362321.682,0.0735,0.01,1.13,650.21,3.885,0.2856,hwmon,1
train,2,1791362323.904,0.541,3.25,50.06,650.22,3.885,2.1019,hwmon,4
send,2,1791362324.447,0.0155,0.07,37.75,650.22,3.885,0.06,hwmon,1
recv,3,1791362324.464,0.8012,0.02,0.21,650.22,3.885,3.1125,hwmon,5
train,3,1791362325.267,0.2598,1.59,50.99,650.23,3.885,1.0095,hwmon,2
send,3,1791362325.528,0.0108,0.05,38.52,650.23,3.885,0.042,hwmon,1
recv,4,1791362325.541,3.0578,0.06,0.16,650.24,3.885,11.8796,hwmon,16
train,4,1791362328.601,0.4248,2.7,52.96,650.26,3.885,1.6505,hwmon,3
send,4,1791362329.027,0.0091,0.07,63.76,650.26,3.885,0.0355,hwmon,1
recv,5,1791362329.039,1.9126,0.04,0.17,650.26,3.885,7.4305,hwmon,10
train,5,1791362330.953,0.3023,1.84,50.72,650.29,3.885,1.1745,hwmon,2
send,5,1791362331.257,0.0114,0.06,43.93,650.29,3.885,0.0442,hwmon,2
recv,6,1791362331.27,1.6894,0.03,0.15,650.29,3.885,6.5635,hwmon,9
train,6,1791362332.961,0.51,3.22,52.61,650.32,3.885,1.9814,hwmon,3
send,6,1791362333.472,0.0103,0.05,40.33,650.32,3.885,0.0401,hwmon,1
recv,7,1791362333.485,1.9016,0.03,0.13,650.32,3.885,7.3877,hwmon,11
train,7,1791362335.392,0.5055,3.19,52.59,650.34,3.885,1.9638,hwmon,3
send,7,1791362335.899,0.0122,0.08,54.63,650.34,3.885,0.0474,hwmon,1
recv,8,1791362335.913,1.214,0.02,0.14,650.34,3.885,4.7162,hwmon,7
train,8,1791362337.129,0.4525,2.91,53.59,650.34,3.8857,1.7584,hwmon,3
send,8,1791362337.583,0.0167,0.08,39.84,650.34,3.886,0.065,hwmon,1
recv,9,1791362337.602,1.8865,0.03,0.13,650.34,3.886,7.3311,hwmon,10
train,9,1791362339.49,0.4663,3.0,53.62,650.36,3.886,1.8119,hwmon,3
send,9,1791362339.958,0.0134,0.06,37.22,650.36,3.886,0.0522,hwmon,2
recv,10,1791362339.973,2.4675,0.04,0.14,650.36,3.886,9.5889,hwmon,13
train,10,1791362342.442,0.3841,2.44,52.94,650.37,3.886,1.4925,hwmon,3
send,10,1791362342.827,0.0135,0.09,55.45,650.37,3.886,0.0526,hwmon,1
recv,11,1791362342.843,2.9588,0.08,0.23,650.42,3.886,11.4979,hwmon,15
train,11,1791362345.803,0.7261,4.57,52.45,650.43,3.886,2.8215,hwmon,5
send,11,1791362346.532,0.0107,0.05,38.83,650.44,3.886,0.0417,hwmon,1
recv,12,1791362346.545,1.4991,0.03,0.17,650.44,3.886,5.8253,hwmon,8
train,12,1791362348.045,0.8933,5.64,52.61,650.45,3.886,3.4715,hwmon,6
send,12,1791362348.941,0.0158,0.08,42.08,650.45,3.886,0.0616,hwmon,1
recv,13,1791362348.959,1.1648,0.02,0.14,650.46,3.886,4.5262,hwmon,7
train,13,1791362350.129,0.6468,4.08,52.56,650.47,3.886,2.5135,hwmon,4
send,13,1791362350.783,0.0216,0.08,30.85,650.47,3.886,0.084,hwmon,1
recv,14,1791362350.808,1.2504,0.02,0.13,650.47,3.886,4.859,hwmon,7
train,14,1791362352.06,1.3644,8.64,52.77,650.48,3.886,5.3022,hwmon,8
send,14,1791362353.426,0.0236,0.1,35.37,650.48,3.886,0.0916,hwmon,1
recv,15,1791362353.452,0.8197,0.02,0.2,650.48,3.886,3.1853,hwmon,5
train,15,1791362354.273,1.0344,6.48,52.2,650.49,3.886,4.0196,hwmon,6
send,15,1791362355.309,0.0184,0.09,40.83,650.49,3.886,0.0714,hwmon,1
recv,16,1791362355.33,1.2511,0.03,0.2,650.49,3.886,4.8619,hwmon,8
train,16,1791362358.758,0.3254,2.0,51.22,650.5,3.886,1.2645,hwmon,2
send,16,1791362359.085,0.0107,0.06,46.52,650.5,3.886,0.0418,hwmon,1
recv,17,1791362359.098,1.9547,0.04,0.17,650.5,3.8855,7.595,hwmon,11
train,17,1791362361.055,0.7533,4.77,52.77,650.51,3.883,2.9251,hwmon,5
send,17,1791362361.809,0.0161,0.06,31.06,650.52,3.883,0.0625,hwmon,1
recv,18,1791362361.827,1.5992,0.04,0.21,650.52,3.883,6.2098,hwmon,9
train,18,1791362363.428,0.4071,2.58,52.81,650.52,3.883,1.5809,hwmon,3
send,18,1791362363.837,0.0125,0.07,46.5,650.53,3.883,0.0487,hwmon,1
recv,19,1791362363.851,1.4057,0.03,0.18,650.54,3.883,5.4584,hwmon,8
train,19,1791362365.259,0.2342,1.46,51.96,650.54,3.883,0.9093,hwmon,2
send,19,1791362365.495,0.0117,0.07,49.93,650.54,3.883,0.0454,hwmon,1
recv,20,1791362365.509,2.1222,0.06,0.24,650.62,3.883,8.2407,hwmon,11
train,20,1791362367.633,0.2252,1.4,51.8,650.64,3.883,0.8746,hwmon,2
send,20,1791362367.86,0.0154,0.06,32.37,650.64,3.883,0.06,hwmon,2
recv,21,1791362367.877,1.5839,0.03,0.16,650.64,3.883,6.1502,hwmon,8
train,21,1791362369.464,0.556,3.42,51.26,650.65,3.883,2.159,hwmon,4
send,21,1791362370.022,0.0117,0.07,49.93,650.66,3.883,0.0454,hwmon,1
recv,22,1791362370.036,1.678,0.02,0.1,650.66,3.883,6.5157,hwmon,9
train,22,1791362371.716,0.3463,2.21,53.18,650.66,3.883,1.3448,hwmon,2
send,22,1791362372.063,0.0242,0.08,27.55,650.67,3.883,0.094,hwmon,1
recv,23,1791362372.095,1.8757,0.02,0.09,650.67,3.883,7.2832,hwmon,11
train,23,1791362373.972,0.3522,2.17,51.34,650.67,3.887,1.3691,hwmon,2
send,23,1791362374.326,0.0106,0.07,55.26,650.68,3.887,0.041,hwmon,1
recv,24,1791362374.339,1.5281,0.03,0.16,650.68,3.887,5.9398,hwmon,8
train,24,1791362375.869,0.47,2.99,53.01,650.68,3.887,1.827,hwmon,3
send,24,1791362376.34,0.0204,0.07,28.6,650.68,3.887,0.0793,hwmon,2
recv,25,1791362376.363,1.5542,0.02,0.11,650.69,3.887,6.0413,hwmon,8
train,25,1791362377.918,0.5877,3.72,52.75,650.7,3.887,2.2845,hwmon,4
send,25,1791362378.507,0.0116,0.04,28.62,650.7,3.887,0.0453,hwmon,1
recv,26,1791362378.521,1.4123,0.02,0.12,650.7,3.887,5.4895,hwmon,8
train,26,1791362379.935,0.5787,3.66,52.71,650.7,3.887,2.2494,hwmon,4
send,26,1791362380.52,0.0153,0.07,38.17,650.7,3.887,0.0594,hwmon,1
recv,27,1791362380.538,1.5799,0.02,0.11,650.71,3.887,6.141,hwmon,9
train,27,1791362382.12,0.3715,2.35,52.71,650.72,3.887,1.4441,hwmon,3
send,27,1791362382.493,0.0156,0.08,42.75,650.72,3.887,0.0606,hwmon,1
recv,28,1791362382.512,1.6114,0.02,0.1,650.73,3.887,6.2637,hwmon,9
train,28,1791362384.126,0.4268,2.68,52.33,650.73,3.887,1.6589,hwmon,3
send,28,1791362384.553,0.0092,0.06,54.23,650.74,3.887,0.0358,hwmon,1
recv,29,1791362384.565,2.1338,0.02,0.08,650.74,3.8873,8.2948,hwmon,12
train,29,1791362386.7,0.3917,2.59,55.1,650.75,3.888,1.523,hwmon,3
send,29,1791362387.093,0.0151,0.07,38.7,650.75,3.888,0.0586,hwmon,1
recv,30,1791362387.11,1.5739,0.02,0.11,650.75,3.888,6.1194,hwmon,9
train,30,1791362388.686,0.5253,3.45,54.73,650.76,3.888,2.0425,hwmon,3
send,30,1791362389.215,0.0133,0.07,44.0,650.76,3.888,0.0516,hwmon,1
