run,outcome,wall_s,results_dir
1,ok,45,results/e3/establish/net_office_to_home/run_001
2,ok,47,results/e3/establish/net_office_to_home/run_002
3,ok,53,results/e3/establish/net_office_to_home/run_003
4,ok,51,results/e3/establish/net_office_to_home/run_004
5,ok,50,results/e3/establish/net_office_to_home/run_005
6,ok,49,results/e3/establish/net_office_to_home/run_006
7,ok,47,results/e3/establish/net_office_to_home/run_007
8,ok,50,results/e3/establish/net_office_to_home/run_008
9,ok,49,results/e3/establish/net_office_to_home/run_009
10,ok,51,results/e3/establish/net_office_to_home/run_010
11,ok,47,results/e3/establish/net_office_to_home/run_011
12,ok,46,results/e3/establish/net_office_to_home/run_012
13,ok,49,results/e3/establish/net_office_to_home/run_013
14,ok,49,results/e3/establish/net_office_to_home/run_014
15,ok,50,results/e3/establish/net_office_to_home/run_015
16,ok,49,results/e3/establish/net_office_to_home/run_016
17,ok,50,results/e3/establish/net_office_to_home/run_017
18,ok,48,results/e3/establish/net_office_to_home/run_018
19,ok,49,results/e3/establish/net_office_to_home/run_019
20,ok,49,results/e3/establish/net_office_to_home/run_020
21,ok,49,results/e3/establish/net_office_to_home/run_021
22,ok,50,results/e3/establish/net_office_to_home/run_022
23,ok,52,results/e3/establish/net_office_to_home/run_023
24,ok,50,results/e3/establish/net_office_to_home/run_024
25,ok,49,results/e3/establish/net_office_to_home/run_025
26,ok,48,results/e3/establish/net_office_to_home/run_026
27,ok,53,results/e3/establish/net_office_to_home/run_027
28,ok,46,results/e3/establish/net_office_to_home/run_028
29,ok,48,results/e3/establish/net_office_to_home/run_029
30,ok,49,results/e3/establish/net_office_to_home/run_030
