config,model,partition,node_id,architecture,scenario,rounds_total,rounds_success,test_acc_final,test_acc_max,duration_mean_sec,pct_direct,pct_relay,bytes_to_aggregator,accuracy,balanced_accuracy,macro_f1,weighted_f1,precision_Bajo,recall_Bajo,f1_Bajo,precision_Medio,recall_Medio,f1_Medio,precision_Alto,recall_Alto,f1_Alto,seed,aggregator,max_train_years,rounds
airmlp_geographic,AirMLP,geographic,server,B,e7_airmlp_geographic,50,50,0.4737433305251334,0.4776748104465038,1.023674036245793,0.0,0.0,6984500,0.4737433305251334,0.4256911061189863,0.40214695556269037,0.45109282142137946,0.5953846153846154,0.6619156214367161,0.6268898488120951,0.3325062034739454,0.13535353535353536,0.19239052404881551,0.32450331125827814,0.47980416156670747,0.3871604938271605,4099,,,
airmlp_iid,AirMLP,iid,server,B,e7_airmlp_iid,50,50,0.4976130300477394,0.5060376298792474,1.0673971643764526,0.0,0.0,6984500,0.4976130300477394,0.4495606416545302,0.42553709142485613,0.4736848513243959,0.6145621181262729,0.6881413911060433,0.649273803119957,0.3403755868544601,0.14646464646464646,0.20480225988700565,0.35866780529462,0.5140758873929009,0.4225352112676056,4099,,,
airlstm_geographic,AirLSTM,geographic,server,B,e7_airlstm_geographic,50,50,0.5335618394744359,0.5375606969437303,1.4485953551437705,0.0,0.0,25528500,0.5335618394744359,0.48282564698069036,0.4707510002091034,0.5174371278494261,0.6503131524008351,0.7256843331391962,0.6859344894026975,0.36717428087986465,0.22279260780287474,0.27731629392971247,0.4074446680080483,0.5,0.4490022172949002,4099,,,
airlstm_iid,AirLSTM,iid,server,B,e7_airlstm_iid,50,50,0.552984861468152,0.5535561268209083,1.4305653258785604,0.0,0.0,25528500,0.552984861468152,0.4916099643677511,0.4824118598438245,0.5309611595694668,0.647887323943662,0.7769365171811299,0.7065677966101694,0.3707482993197279,0.22381930184804927,0.2791293213828425,0.4496487119437939,0.4740740740740741,0.46153846153846156,4099,,,
prophet_fedgam_geographic,ProphetWrapper,geographic,,,,,,,,,,,,0.5678180286436394,0.4917747738231855,0.49936260205410105,0.5534180412613053,0.6635160680529301,0.7887640449438202,0.7207392197125256,0.35969141755062684,0.37525150905432597,0.36730674544559333,0.6004901960784313,0.3113087674714104,0.4100418410041841,4099,fedgam,all,50
prophet_fedgam_iid,ProphetWrapper,iid,,,,,,,,,,,,0.5812849162011173,0.42989339438344437,0.3608199789696979,0.6059126383469781,0.8562992125984252,0.6420664206642066,0.7338675664276677,0.21883116883116882,0.6358490566037736,0.32560386473429953,0.5,0.011764705882352941,0.022988505747126436,4099,fedgam,all,50
prophet_fedavg_geographic,ProphetWrapper,geographic,,,,,,,,,,,,0.5644481887110362,0.4869535747385531,0.49420281778529995,0.5490143687643129,0.6593252108716027,0.7904494382022472,0.7189575881451201,0.35386119257087,0.3641851106639839,0.3589489340604859,0.5965346534653465,0.3062261753494282,0.40470193115029385,4099,fedavg,all,50
prophet_fedavg_iid,ProphetWrapper,iid,,,,,,,,,,,,0.5796089385474861,0.42814352782817505,0.3596721235419529,0.6046647424385228,0.8555938886150813,0.640590405904059,0.7326440177252584,0.21739130434782608,0.6320754716981132,0.3235152100434573,0.4,0.011764705882352941,0.022857142857142857,4099,fedavg,all,50
prophet_fedgam_1yr_geographic,ProphetWrapper,geographic,,,,,,,,,,,,0.2454366750912665,0.35959765369003516,0.1845157872497075,0.13088017660989246,0.0,0.0,0.0,0.18779342723004694,0.12072434607645875,0.14696876913655849,0.25804243668720056,0.9580686149936467,0.406578592612564,4099,fedgam,1,50
prophet_fedgam_1yr_iid,ProphetWrapper,iid,,,,,,,,,,,,0.10782122905027933,0.3439768987035043,0.10398245523493226,0.04376191070128992,1.0,0.005904059040590406,0.01173881144534116,0.1299559471365639,0.11132075471698114,0.11991869918699187,0.1,0.9147058823529411,0.18028985507246376,4099,fedgam,1,50
prophet_fedavg_1yr_geographic,ProphetWrapper,geographic,,,,,,,,,,,,0.2372928952541421,0.3512838999264541,0.1673843167134111,0.1166663226316987,0.0,0.0,0.0,0.1391465677179963,0.07545271629778671,0.09784735812133072,0.25479814692256786,0.9783989834815756,0.4043055920189026,4099,fedavg,1,50
prophet_fedavg_1yr_iid,ProphetWrapper,iid,,,,,,,,,,,,0.15111731843575418,0.33053502122146633,0.11850222941461026,0.13644478453717154,0.7869415807560137,0.08450184501845018,0.1526157947350883,0.08771929824561403,0.018867924528301886,0.031055900621118012,0.09511811023622047,0.888235294117647,0.17183499288762447,4099,fedavg,1,50
