architecture,scenario,round,n_clients,clients_participated,duration_sec,success,test_acc,test_loss,bytes_to_aggregator,bytes_p2p_direct,bytes_relay,updates_discarded,timestamp
B,e7_airmlp_geographic,1,10,10,52.86879377799778,True,0.30356641392867173,1.1136225795049541,139690,139690,0,0,1791308827.1063995
B,e7_airmlp_geographic,2,10,10,5.2312147810007446,True,0.41224375175512495,1.0820757509181755,139690,139690,0,0,1791308832.3393145
B,e7_airmlp_geographic,3,10,10,5.374716556005296,True,0.4408873911822522,1.0686336269341168,139690,139690,0,0,1791308837.715639
B,e7_airmlp_geographic,4,10,10,7.834756922995439,True,0.4509969109800618,1.0667409719760683,139690,139690,0,0,1791308845.5526981
B,e7_airmlp_geographic,5,10,10,11.769286148999527,True,0.4504352709912946,1.0691450744892432,139690,139690,0,0,1791308857.324786
B,e7_airmlp_geographic,6,10,10,6.372006564997719,True,0.44734625105307496,1.0708527113741215,139690,139690,0,0,1791308863.6984482
B,e7_airmlp_geographic,7,10,10,6.91662869600259,True,0.4695310306093794,1.0609716817724073,139690,139690,0,0,1791308870.6170669
B,e7_airmlp_geographic,8,10,10,8.729861623003671,True,0.4563324908733502,1.0668694229147402,139690,139690,0,0,1791308879.3494384
B,e7_airmlp_geographic,9,10,10,5.70588254500035,True,0.4630721707385566,1.0616510382062831,139690,139690,0,0,1791308885.0567997
B,e7_airmlp_geographic,10,10,10,6.008364679997612,True,0.4588598708228026,1.0635808512790255,139690,139690,0,0,1791308891.0671759
B,e7_airmlp_geographic,11,10,10,8.746465717995306,True,0.4605447907891042,1.070705150058182,139690,139690,0,0,1791308899.8156402
B,e7_airmlp_geographic,12,10,10,6.15295449700352,True,0.4717775905644482,1.0614142844061676,139690,139690,0,0,1791308905.971234
B,e7_airmlp_geographic,13,10,10,8.051981057004014,True,0.4630721707385566,1.06750802958959,139690,139690,0,0,1791308914.0246542
B,e7_airmlp_geographic,14,10,10,5.994577723002294,True,0.4703734905925302,1.0597439127603094,139690,139690,0,0,1791308920.021809
B,e7_airmlp_geographic,15,10,10,5.4092013820045395,True,0.462791350744173,1.0695400209247448,139690,139690,0,0,1791308925.4332838
B,e7_airmlp_geographic,16,10,10,6.574487177000265,True,0.4667228306655434,1.0608144239641515,139690,139690,0,0,1791308932.0092094
B,e7_airmlp_geographic,17,10,10,10.61560426899814,True,0.4672844706543106,1.06089721687454,139690,139690,0,0,1791308942.6267989
B,e7_airmlp_geographic,18,10,10,5.263192634003644,True,0.4630721707385566,1.0676683371269913,139690,139690,0,0,1791308947.891974
B,e7_airmlp_geographic,19,10,10,9.11070437500166,True,0.467003650659927,1.060840824151836,139690,139690,0,0,1791308957.0046356
B,e7_airmlp_geographic,20,10,10,5.745535463000124,True,0.4658803706823926,1.0608220697620951,139690,139690,0,0,1791308962.7524095
