scenario,run,label,iroh_kind,direct_validated
net_cgnat,run_001,direct,DIRECT,True
net_cgnat,run_002,direct,DIRECT,True
net_cgnat,run_003,direct,DIRECT,True
net_cgnat,run_004,direct,DIRECT,True
net_cgnat,run_005,mixed,MIXED,False
net_cgnat,run_006,direct,DIRECT,True
net_cgnat,run_007,direct,DIRECT,True
net_cgnat,run_008,direct,DIRECT,True
net_cgnat,run_009,direct,DIRECT,True
net_cgnat,run_010,direct,DIRECT,True
net_cgnat,run_011,direct,DIRECT,True
net_cgnat,run_012,direct,DIRECT,True
net_cgnat,run_013,direct,DIRECT,True
net_cgnat,run_014,direct,DIRECT,True
net_cgnat,run_015,direct,DIRECT,True
net_cgnat,run_016,direct,DIRECT,True
net_cgnat,run_017,direct,DIRECT,True
net_cgnat,run_018,mixed,MIXED,False
net_cgnat,run_019,direct,DIRECT,True
net_cgnat,run_020,direct,DIRECT,True
net_cgnat,run_021,direct,DIRECT,True
net_cgnat,run_022,direct,DIRECT,True
net_cgnat,run_023,mixed,MIXED,False
net_cgnat,run_024,direct,DIRECT,True
net_cgnat,run_025,mixed,MIXED,False
net_cgnat,run_026,direct,DIRECT,True
net_cgnat,run_027,direct,DIRECT,True
net_cgnat,run_028,failed,,
net_cgnat,run_029,failed,,
net_cgnat,run_030,failed,,
net_fw443,run_001,mixed,MIXED,False
net_fw443,run_002,mixed,MIXED,False
net_fw443,run_003,mixed,MIXED,False
net_fw443,run_004,mixed,MIXED,False
net_fw443,run_005,mixed,MIXED,False
net_fw443,run_006,mixed,MIXED,False
net_fw443,run_007,mixed,MIXED,False
net_fw443,run_008,mixed,MIXED,False
net_fw443,run_009,mixed,MIXED,False
net_fw443,run_010,mixed,MIXED,False
net_fw443,run_011,mixed,MIXED,False
net_fw443,run_012,mixed,MIXED,False
net_fw443,run_013,mixed,MIXED,False
net_fw443,run_014,mixed,MIXED,False
net_fw443,run_015,mixed,MIXED,False
net_fw443,run_016,mixed,MIXED,False
net_fw443,run_017,mixed,MIXED,False
net_fw443,run_018,mixed,MIXED,False
net_fw443,run_019,mixed,MIXED,False
net_fw443,run_020,mixed,MIXED,False
net_fw443,run_021,mixed,MIXED,False
net_fw443,run_022,mixed,MIXED,False
net_fw443,run_023,mixed,MIXED,False
net_fw443,run_024,mixed,MIXED,False
net_fw443,run_025,mixed,MIXED,False
net_fw443,run_026,mixed,MIXED,False
net_fw443,run_027,mixed,MIXED,False
net_fw443,run_028,mixed,MIXED,False
net_fw443,run_029,mixed,MIXED,False
net_fw443,run_030,mixed,MIXED,False
net_lan,run_001,direct,DIRECT,True
net_lan,run_002,direct,DIRECT,True
net_lan,run_003,direct,DIRECT,True
net_lan,run_004,direct,DIRECT,True
net_lan,run_005,mixed,MIXED,False
net_lan,run_006,direct,DIRECT,True
net_lan,run_007,direct,DIRECT,True
net_lan,run_008,direct,DIRECT,True
net_lan,run_009,direct,DIRECT,True
net_lan,run_010,direct,DIRECT,True
net_lan,run_011,direct,DIRECT,True
net_lan,run_012,direct,DIRECT,True
net_lan,run_013,direct,DIRECT,True
net_lan,run_014,direct,DIRECT,True
net_lan,run_015,direct,DIRECT,True
net_lan,run_016,direct,DIRECT,True
net_lan,run_017,direct,DIRECT,True
net_lan,run_018,direct,DIRECT,True
net_lan,run_019,mixed,MIXED,False
net_lan,run_020,direct,DIRECT,True
net_lan,run_021,direct,DIRECT,True
net_lan,run_022,mixed,MIXED,False
net_lan,run_023,direct,DIRECT,True
net_lan,run_024,mixed,MIXED,False
net_lan,run_025,direct,DIRECT,True
net_lan,run_026,direct,DIRECT,True
net_lan,run_027,direct,DIRECT,True
net_lan,run_028,direct,DIRECT,True
net_lan,run_029,direct,DIRECT,True
net_lan,run_030,failed,,
net_nat1,run_001,direct,DIRECT,True
net_nat1,run_002,failed,,
net_nat1,run_003,direct,DIRECT,True
net_nat1,run_004,direct,DIRECT,True
net_nat1,run_005,direct,DIRECT,True
net_nat1,run_006,mixed,MIXED,False
net_nat1,run_007,direct,DIRECT,True
net_nat1,run_008,direct,DIRECT,True
net_nat1,run_009,direct,DIRECT,True
net_nat1,run_010,direct,DIRECT,True
net_nat1,run_011,direct,DIRECT,True
net_nat1,run_012,direct,DIRECT,True
net_nat1,run_013,direct,DIRECT,True
net_nat1,run_014,direct,DIRECT,True
net_nat1,run_015,direct,DIRECT,True
net_nat1,run_016,direct,DIRECT,True
net_nat1,run_017,direct,DIRECT,True
net_nat1,run_018,direct,DIRECT,True
net_nat1,run_019,direct,DIRECT,True
net_nat1,run_020,direct,DIRECT,True
net_nat1,run_021,direct,DIRECT,True
net_nat1,run_022,direct,DIRECT,True
net_nat1,run_023,direct,DIRECT,True
net_nat1,run_024,direct,DIRECT,True
net_nat1,run_025,direct,DIRECT,True
net_nat1,run_026,direct,DIRECT,True
net_nat1,run_027,direct,DIRECT,True
net_nat1,run_028,mixed,MIXED,False
net_nat1,run_029,direct,DIRECT,True
net_nat1,run_030,direct,DIRECT,True
net_nat2,run_001,direct,DIRECT,True
net_nat2,run_002,direct,DIRECT,True
net_nat2,run_003,direct,DIRECT,True
net_nat2,run_004,direct,DIRECT,True
net_nat2,run_005,direct,DIRECT,True
net_nat2,run_006,mixed,MIXED,False
net_nat2,run_007,direct,DIRECT,True
net_nat2,run_008,direct,DIRECT,True
net_nat2,run_009,mixed,MIXED,False
net_nat2,run_010,direct,DIRECT,True
net_nat2,run_011,direct,DIRECT,True
net_nat2,run_012,direct,DIRECT,True
net_nat2,run_013,direct,DIRECT,True
net_nat2,run_014,direct,DIRECT,True
net_nat2,run_015,direct,DIRECT,True
net_nat2,run_016,direct,DIRECT,True
net_nat2,run_017,failed,,
net_nat2,run_018,mixed,MIXED,False
net_nat2,run_019,mixed,MIXED,False
net_nat2,run_020,mixed,MIXED,False
net_nat2,run_021,mixed,MIXED,False
net_nat2,run_022,mixed,MIXED,False
net_nat2,run_023,mixed,MIXED,False
net_nat2,run_024,mixed,MIXED,False
net_nat2,run_025,mixed,MIXED,False
net_nat2,run_026,mixed,MIXED,False
net_nat2,run_027,mixed,MIXED,False
net_nat2,run_028,mixed,MIXED,False
net_nat2,run_029,mixed,MIXED,False
net_nat2,run_030,mixed,MIXED,False
net_office_to_home,run_001,mixed,MIXED,False
net_office_to_home,run_002,mixed,MIXED,False
net_office_to_home,run_003,mixed,MIXED,False
net_office_to_home,run_004,mixed,MIXED,False
net_office_to_home,run_005,mixed,MIXED,False
net_office_to_home,run_006,mixed,MIXED,False
net_office_to_home,run_007,mixed,MIXED,False
net_office_to_home,run_008,mixed,MIXED,False
net_office_to_home,run_009,mixed,MIXED,False
net_office_to_home,run_010,mixed,MIXED,False
net_office_to_home,run_011,mixed,MIXED,False
net_office_to_home,run_012,mixed,MIXED,False
net_office_to_home,run_013,mixed,MIXED,False
net_office_to_home,run_014,mixed,MIXED,False
net_office_to_home,run_015,mixed,MIXED,False
net_office_to_home,run_016,mixed,MIXED,False
net_office_to_home,run_017,mixed,MIXED,False
net_office_to_home,run_018,mixed,MIXED,False
net_office_to_home,run_019,mixed,MIXED,False
net_office_to_home,run_020,mixed,MIXED,False
net_office_to_home,run_021,mixed,MIXED,False
net_office_to_home,run_022,mixed,MIXED,False
net_office_to_home,run_023,mixed,MIXED,False
net_office_to_home,run_024,mixed,MIXED,False
net_office_to_home,run_025,mixed,MIXED,False
net_office_to_home,run_026,mixed,MIXED,False
net_office_to_home,run_027,mixed,MIXED,False
net_office_to_home,run_028,mixed,MIXED,False
net_office_to_home,run_029,mixed,MIXED,False
net_office_to_home,run_030,mixed,MIXED,False
