condition,netem,fl_wall_s,rounds_ok,rounds,round_s_median,round_s_max,test_acc_final,macro_f1,balanced_accuracy,xfer_100kB_ok,xfer_100kB_ms_median,xfer_1000kB_ok,xfer_1000kB_ms_median,xfer_10000kB_ok,xfer_10000kB_ms_median
baseline,none,183.0,20,20,1.409,39.302,0.4653187306936254,0.38690448449372133,0.42327355194088206,10/10,22.1,10/10,128.7,10/10,1212.8
delay_100,delay 100ms,168.0,20,20,2.272,53.888,0.4630721707385566,0.38366948886941477,0.4197162609976685,10/10,1074.2,10/10,1859.6,10/10,4566.6
delay_25,delay 25ms,159.6,20,20,1.635,38.822,0.4675652906486942,0.3934245800214171,0.4224248423213126,10/10,324.9,10/10,602.0,10/10,2197.7
delay_250,delay 250ms,181.5,20,20,3.665,41.164,0.4664420106711598,0.3843720797074412,0.4194525999854335,10/10,2635.5,10/10,4366.8,10/10,9459.7
delay_50,delay 50ms,151.5,20,20,1.822,47.052,0.4706543105869138,0.37287737598142856,0.42305089595633055,10/10,569.8,10/10,1023.1,10/10,2929.2
harsh_rural,delay 75ms 25ms loss 10% rate 1mbit,268.2,20,20,6.473,52.869,0.4658803706823926,0.38499712633694516,0.41755496333694236,10/10,2033.7,10/10,26179.4,0/10,
jitter_100_30,delay 100ms 30ms rate 1gbit,282.9,20,20,2.719,57.14,0.468407750631845,0.38060367044973265,0.4198194478989277,10/10,1111.0,10/10,1999.8,10/10,6995.6
jitter_50_10,delay 50ms 10ms rate 1gbit,157.9,20,20,1.92,50.366,0.469811850603763,0.3913655903065723,0.420160515181792,10/10,593.4,10/10,1078.7,10/10,3103.9
loss_1,loss 1%,178.6,20,20,1.933,51.744,0.4664420106711598,0.4000996686559834,0.42691998770149925,10/10,29.9,10/10,146.4,10/10,1485.4
loss_10,loss 10%,1186.3,20,20,3.284,901.518,0.4835720303285594,0.3907559720737102,0.41602658903962864,10/10,100.0,10/10,267.5,10/10,2624.9
loss_20,loss 20%,2116.9,20,20,8.691,914.637,0.2684639146307217,0.21938921808878012,0.3537724444550458,10/10,892.2,10/10,1703.9,10/10,10571.1
loss_5,loss 5%,1129.7,20,20,2.463,901.642,0.4425723111485538,0.36485311511052715,0.42084144158884323,10/10,69.8,10/10,232.3,10/10,1880.6
rate_10mbit,delay 10ms rate 10mbit,213.1,20,20,2.132,68.875,0.4686885706262286,0.4117298387498534,0.4257513876449577,10/10,231.8,10/10,1103.6,10/10,9771.8
rate_2mbit,delay 10ms rate 2mbit,193.3,20,20,2.747,47.748,0.4653187306936254,0.3892038616732572,0.4229211356731039,10/10,574.5,10/10,4493.5,10/10,43758.5
rate_512kbit,delay 10ms rate 512kbit,442.5,20,20,10.691,80.259,0.4672844706543106,0.3891521759500191,0.4213467178893991,10/10,2002.5,10/10,16951.0,10/10,167134.1
rural_lte,delay 30ms 10ms loss 2% rate 5mbit,219.5,20,20,4.113,51.925,0.468407750631845,0.38253123123014504,0.42287488260337175,10/10,568.7,10/10,2135.2,10/10,27165.8
