close_reason,closed_ms,connect_ms,enforce,error,iter,test
closed by peer: not authorized (code 403),551.668094471097,359.82794780284166,True,IrohError,0,unauthorised
closed by peer: not authorized (code 403),334.19310860335827,145.78722696751356,True,IrohError,1,unauthorised
closed by peer: not authorized (code 403),295.97678780555725,105.4712226614356,True,IrohError,2,unauthorised
closed by peer: not authorized (code 403),290.4519038274884,101.08138900250196,True,IrohError,3,unauthorised
closed by peer: not authorized (code 403),325.4743777215481,135.17803233116865,True,IrohError,4,unauthorised
closed by peer: not authorized (code 403),332.49498810619116,140.33426996320486,True,IrohError,5,unauthorised
closed by peer: not authorized (code 403),293.96736435592175,105.56804575026035,True,IrohError,6,unauthorised
closed by peer: not authorized (code 403),329.2244216427207,139.87750094383955,True,IrohError,7,unauthorised
closed by peer: not authorized (code 403),339.65523168444633,148.36982544511557,True,IrohError,8,unauthorised
closed by peer: not authorized (code 403),339.3873665481806,148.62242713570595,True,IrohError,9,unauthorised
closed by peer: not authorized (code 403),333.49758852273226,141.48187171667814,True,IrohError,10,unauthorised
closed by peer: not authorized (code 403),299.09542575478554,109.91782788187265,True,IrohError,11,unauthorised
closed by peer: not authorized (code 403),329.07343190163374,140.42359311133623,True,IrohError,12,unauthorised
closed by peer: not authorized (code 403),328.6579120904207,139.30646050721407,True,IrohError,13,unauthorised
closed by peer: not authorized (code 403),328.94160877913237,139.6526051685214,True,IrohError,14,unauthorised
closed by peer: not authorized (code 403),326.81802101433277,137.80583906918764,True,IrohError,15,unauthorised
closed by peer: not authorized (code 403),318.3209029957652,129.0875757113099,True,IrohError,16,unauthorised
closed by peer: not authorized (code 403),310.09550485759974,100.00706743448973,True,IrohError,17,unauthorised
closed by peer: not authorized (code 403),325.09713899344206,136.38469576835632,True,IrohError,18,unauthorised
closed by peer: not authorized (code 403),309.73936058580875,121.69170752167702,True,IrohError,19,unauthorised
closed by peer: not authorized (code 403),329.0086919441819,138.89588695019484,True,IrohError,20,unauthorised
closed by peer: not authorized (code 403),288.6921148747206,100.19045323133469,True,IrohError,21,unauthorised
closed by peer: not authorized (code 403),334.780553355813,143.44243984669447,True,IrohError,22,unauthorised
closed by peer: not authorized (code 403),331.5600920468569,142.13509857654572,True,IrohError,23,unauthorised
closed by peer: not authorized (code 403),319.372515194118,130.21538592875004,True,IrohError,24,unauthorised
closed by peer: not authorized (code 403),331.87691401690245,143.33712682127953,True,IrohError,25,unauthorised
closed by peer: not authorized (code 403),301.36474315077066,112.53797728568316,True,IrohError,26,unauthorised
closed by peer: not authorized (code 403),331.13342616707087,142.39457715302706,True,IrohError,27,unauthorised
closed by peer: not authorized (code 403),331.1281129717827,142.10837986320257,True,IrohError,28,unauthorised
closed by peer: not authorized (code 403),335.5479473248124,145.21566405892372,True,IrohError,29,unauthorised
