round,samples,accuracy,balanced_accuracy,macro_f1,weighted_f1,precision_Bajo,recall_Bajo,f1_Bajo,precision_Medio,recall_Medio,f1_Medio,precision_Alto,recall_Alto,f1_Alto
1,3580,0.5779329608938547,0.4324648163240788,0.36060474761634437,0.602746438795856,0.8557213930348259,0.6346863468634686,0.7288135593220338,0.22115384615384615,0.6509433962264151,0.33014354066985646,0.4,0.011764705882352941,0.022857142857142857
2,3580,0.5770949720670391,0.4327987353125473,0.3633904527977619,0.6028011890625391,0.8550796812749004,0.6335793357933579,0.7278507842306062,0.21987179487179487,0.6471698113207547,0.3282296650717703,0.5,0.01764705882352941,0.03409090909090909
3,3580,0.5768156424581006,0.4328302023308801,0.36182281933258564,0.6021676102709588,0.8553615960099751,0.6328413284132841,0.7274655355249204,0.22058823529411764,0.6509433962264151,0.32951289398280803,0.45454545454545453,0.014705882352941176,0.02849002849002849
4,3580,0.5773743016759777,0.43171288427645643,0.3601434995304827,0.6023775492307321,0.8556495769039323,0.6343173431734317,0.7285441830896376,0.22037155669442665,0.6490566037735849,0.32902917264466763,0.4,0.011764705882352941,0.022857142857142857
5,3580,0.5751396648044693,0.43259812453840407,0.3611411662225927,0.6009944458518659,0.856140350877193,0.6302583025830258,0.7260361317747077,0.21982210927573062,0.6528301886792452,0.3288973384030418,0.45454545454545453,0.014705882352941176,0.02849002849002849
6,3580,0.575977653631285,0.4326156668891883,0.3599556040024842,0.6012611774896945,0.8563563563563563,0.6313653136531365,0.7268479184367035,0.22073791348600508,0.6547169811320754,0.3301617507136061,0.4,0.011764705882352941,0.022857142857142857
7,3580,0.5745810055865922,0.43200066073912674,0.35927235160370996,0.6003248993579143,0.8568558513309894,0.629520295202952,0.7258030206339077,0.21989860583016477,0.6547169811320754,0.32922201138519924,0.36363636363636365,0.011764705882352941,0.022792022792022793
8,3580,0.576536312849162,0.4316953419256723,0.3613534432822378,0.6021277519194778,0.8554336989032901,0.633210332103321,0.727735368956743,0.21959026888604352,0.6471698113207547,0.3279158699808795,0.4166666666666667,0.014705882352941176,0.028409090909090908
9,3580,0.5745810055865922,0.43371544259282774,0.362806434484944,0.6008706349154763,0.8562814070351759,0.6287822878228783,0.7251063829787234,0.21989860583016477,0.6547169811320754,0.32922201138519924,0.5,0.01764705882352941,0.03409090909090909
10,3580,0.575977653631285,0.4343304487428892,0.36351895855993543,0.6020120984366524,0.8566416040100251,0.6306273062730627,0.7264612114771519,0.22059758423394787,0.6547169811320754,0.33000475511174515,0.5,0.01764705882352941,0.03409090909090909
11,3580,0.5743016759776536,0.43324098002356265,0.361060973229002,0.6002274573846518,0.8562091503267973,0.6284132841328414,0.7248350712917642,0.22025316455696203,0.6566037735849056,0.3298578199052133,0.45454545454545453,0.014705882352941176,0.02849002849002849
12,3580,0.5756983240223463,0.43183226782323314,0.36110290458859645,0.6013588127840152,0.8551448551448552,0.6317343173431734,0.7266553480475382,0.21966794380587484,0.6490566037735849,0.3282442748091603,0.4166666666666667,0.014705882352941176,0.028409090909090908
13,3580,0.5740223463687151,0.4316001900307571,0.36042216642950314,0.6002783910865992,0.856353591160221,0.6291512915129152,0.7253775792384599,0.2187698161065314,0.6509433962264151,0.3274798291409587,0.4166666666666667,0.014705882352941176,0.028409090909090908
14,3580,0.5737430167597766,0.4309712592131471,0.3601067515380389,0.599856601542764,0.8550651955867603,0.6291512915129152,0.7249149659863946,0.21855146124523506,0.6490566037735849,0.3269961977186312,0.4166666666666667,0.014705882352941176,0.028409090909090908
15,3580,0.5773743016759777,0.4340880639661002,0.3624548225807662,0.6028244299501028,0.8570714642678661,0.6328413284132841,0.7280832095096582,0.22130102040816327,0.6547169811320754,0.330791229742612,0.45454545454545453,0.014705882352941176,0.02849002849002849
16,3580,0.5748603351955307,0.43196919372079395,0.36084991500151226,0.6007754405080143,0.8557114228456913,0.6302583025830258,0.7258818529536761,0.21946564885496184,0.6509433962264151,0.32825880114176975,0.4166666666666667,0.014705882352941176,0.028409090909090908
17,3580,0.5754189944134078,0.4340844462828646,0.3632347079862018,0.6014620894742253,0.8560682046138415,0.629889298892989,0.7257653061224489,0.2204574332909784,0.6547169811320754,0.32984790874524716,0.5,0.01764705882352941,0.03409090909090909
18,3580,0.5754189944134078,0.4332270553560142,0.3614817295177799,0.6013380096843293,0.8569994982438535,0.6302583025830258,0.7263448862428238,0.22031746031746033,0.6547169811320754,0.32969121140142515,0.4166666666666667,0.014705882352941176,0.028409090909090908
19,3580,0.5754189944134078,0.4334240484469218,0.3644766705965308,0.602047880380085,0.8562124248496994,0.6306273062730627,0.7263068423289418,0.218968809675366,0.6490566037735849,0.32746311280342694,0.5384615384615384,0.020588235294117647,0.039660056657223795
20,3580,0.575977653631285,0.43180080080490035,0.3626651795613482,0.6019913047644145,0.854862842892768,0.6324723247232472,0.7270413573700955,0.21895006402048656,0.6452830188679245,0.32695984703632885,0.46153846153846156,0.01764705882352941,0.0339943342776204
21,3580,0.5743016759776536,0.43086580033391897,0.35878232539937843,0.6001782673840329,0.8564977420973406,0.629889298892989,0.7259196257707846,0.21890862944162437,0.6509433962264151,0.32763532763532766,0.36363636363636365,0.011764705882352941,0.022792022792022793
22,3580,0.5748603351955307,0.4333325142352422,0.3627936090410501,0.601388309750021,0.857286432160804,0.629520295202952,0.7259574468085106,0.21940393151553583,0.6528301886792452,0.32842904603701945,0.46153846153846156,0.01764705882352941,0.0339943342776204
23,3580,0.5745810055865922,0.4327035834176322,0.36245986395814106,0.6007651761822282,0.8551378446115289,0.629520295202952,0.7251859723698193,0.2193261284170375,0.6509433962264151,0.3281027104136947,0.5,0.01764705882352941,0.03409090909090909
24,3580,0.5740223463687151,0.4316001900307571,0.3604230565358437,0.6000909444529285,0.8554942298043151,0.6291512915129152,0.7250691048267064,0.21904761904761905,0.6509433962264151,0.32779097387173395,0.4166666666666667,0.014705882352941176,0.028409090909090908
25,3580,0.575977653631285,0.4326156668891883,0.35995395756062104,0.6014485489753579,0.8572144288577155,0.6313653136531365,0.727156821079473,0.2204574332909784,0.6547169811320754,0.32984790874524716,0.4,0.011764705882352941,0.022857142857142857
26,3580,0.5745810055865922,0.4335609743444826,0.36425275453037825,0.6015824277526723,0.8572146807440925,0.6291512915129152,0.7256863162374974,0.21890862944162437,0.6509433962264151,0.32763532763532766,0.4666666666666667,0.020588235294117647,0.03943661971830986
27,3580,0.5737430167597766,0.43385236849038855,0.36255117328920156,0.600283843966695,0.8568548387096774,0.6273062730627307,0.7243289305496379,0.2196969696969697,0.6566037735849056,0.32923368022705773,0.5,0.01764705882352941,0.03409090909090909
28,3580,0.573463687150838,0.4311997193223875,0.3615612686695711,0.600041082224873,0.8549924736578023,0.6287822878228783,0.7246438443546672,0.2179161372299873,0.6471698113207547,0.32604562737642584,0.46153846153846156,0.01764705882352941,0.0339943342776204
29,3580,0.5745810055865922,0.4316917242424367,0.3621300408459463,0.6008597915745042,0.8548548548548549,0.6302583025830258,0.7255734919286321,0.21861057998725303,0.6471698113207547,0.3268222963315865,0.46153846153846156,0.01764705882352941,0.0339943342776204
30,3580,0.5740223463687151,0.4329635105452054,0.36236807712615654,0.600421948166757,0.8557788944723618,0.6284132841328414,0.7246808510638297,0.21940393151553583,0.6528301886792452,0.32842904603701945,0.46153846153846156,0.01764705882352941,0.0339943342776204
31,3580,0.5754189944134078,0.43307258710766905,0.36288551752054027,0.6016367643596311,0.8562124248496994,0.6306273062730627,0.7263068423289418,0.21946564885496184,0.6509433962264151,0.32825880114176975,0.5,0.01764705882352941,0.03409090909090909
32,3580,0.5729050279329609,0.4334833648003516,0.36214294498800403,0.5997048161305558,0.8570707070707071,0.6261992619926199,0.7236673773987207,0.21928166351606806,0.6566037735849056,0.3287671232876712,0.46153846153846156,0.01764705882352941,0.0339943342776204
33,3580,0.5731843575418994,0.4325945068551684,0.36193971329229785,0.6001113842665394,0.8572869389813415,0.6273062730627307,0.7244832729597273,0.21843434343434343,0.6528301886792452,0.3273415326395459,0.46153846153846156,0.01764705882352941,0.0339943342776204
34,3580,0.5729050279329609,0.4307567237714552,0.35824556016544346,0.5988549290468557,0.8556338028169014,0.6276752767527676,0.7241379310344828,0.21884882985452245,0.6528301886792452,0.32780672666982474,0.36363636363636365,0.011764705882352941,0.022792022792022793
35,3580,0.5743016759776536,0.43409837095041315,0.36283679245895123,0.6006475587380578,0.8565676899849018,0.6280442804428045,0.7247179050457739,0.22011385199240988,0.6566037735849056,0.3297015632401705,0.5,0.01764705882352941,0.03409090909090909
36,3580,0.5726256983240223,0.4333603635703393,0.36200047083453907,0.5994757871423991,0.8569984840828702,0.625830258302583,0.7233951802089997,0.21914357682619648,0.6566037735849056,0.3286118980169972,0.46153846153846156,0.01764705882352941,0.0339943342776204
37,3580,0.5751396648044693,0.4317407336115536,0.3593835242240722,0.6007750726832352,0.8566416040100251,0.6306273062730627,0.7264612114771519,0.21982210927573062,0.6528301886792452,0.3288973384030418,0.36363636363636365,0.011764705882352941,0.022792022792022793
38,3580,0.5773743016759777,0.4340880639661002,0.36245589863843936,0.6027308166220399,0.8566433566433567,0.6328413284132841,0.7279286926994907,0.22144224633056797,0.6547169811320754,0.33094897472579876,0.45454545454545453,0.014705882352941176,0.02849002849002849
39,3580,0.5754189944134078,0.4318637348415659,0.3594976526188342,0.6007051666868632,0.8554277138569285,0.6309963099630996,0.7262688468889361,0.22024188415022278,0.6528301886792452,0.3293669681104236,0.4,0.011764705882352941,0.022857142857142857
40,3580,0.5754189944134078,0.4317092665932208,0.3609599107479253,0.6012246249004017,0.8555,0.6313653136531365,0.7265392781316348,0.2193877551020408,0.6490566037735849,0.3279313632030505,0.4166666666666667,0.014705882352941176,0.028409090909090908
41,3580,0.5740223463687151,0.4324575809576075,0.36219393325198673,0.6005098019149938,0.8558513309894525,0.6287822878228783,0.7249521378430122,0.21890862944162437,0.6509433962264151,0.32763532763532766,0.46153846153846156,0.01764705882352941,0.0339943342776204
42,3580,0.5756983240223463,0.4323381974108309,0.36127548943699717,0.6016467585117724,0.85678517776665,0.6313653136531365,0.7270023369449755,0.2196053469127944,0.6509433962264151,0.32841504045692527,0.4166666666666667,0.014705882352941176,0.028409090909090908
43,3580,0.5729050279329609,0.43247150562515607,0.36179765774858025,0.5997887832692143,0.8567826525466465,0.6269372693726937,0.7240571063285745,0.21843434343434343,0.6528301886792452,0.3273415326395459,0.46153846153846156,0.01764705882352941,0.0339943342776204
44,3580,0.5740223463687151,0.4321061196183549,0.3605957919830692,0.6002843280411307,0.8567119155354449,0.6287822878228783,0.7252606937646308,0.21912602913236226,0.6528301886792452,0.328117591275486,0.4166666666666667,0.014705882352941176,0.028409090909090908
45,3580,0.5737430167597766,0.4324890479759403,0.36062660248137246,0.6000614624998089,0.8569989929506546,0.6280442804428045,0.7248722316865417,0.2193426042983565,0.6547169811320754,0.32859848484848486,0.4166666666666667,0.014705882352941176,0.028409090909090908
46,3580,0.573463687150838,0.43236604674592805,0.3604842339881138,0.59983284853062,0.856926952141058,0.6276752767527676,0.7246006389776358,0.21920404295641188,0.6547169811320754,0.32844297207761475,0.4166666666666667,0.014705882352941176,0.028409090909090908
47,3580,0.5754189944134078,0.43221519618081866,0.3611338564081749,0.6013251170245306,0.85628442663996,0.6309963099630996,0.7265774378585086,0.2196053469127944,0.6509433962264151,0.32841504045692527,0.4166666666666667,0.014705882352941176,0.028409090909090908
48,3580,0.5751396648044693,0.4339614450528522,0.36311001467307036,0.6015288362737395,0.857286432160804,0.629520295202952,0.7259574468085106,0.22003804692454026,0.6547169811320754,0.3293782629330802,0.46153846153846156,0.01764705882352941,0.0339943342776204
49,3580,0.5756983240223463,0.43455890885212956,0.36498157432518,0.602395303906637,0.857429718875502,0.6302583025830258,0.7264993619736282,0.21982210927573062,0.6528301886792452,0.3288973384030418,0.5,0.020588235294117647,0.03954802259887006
50,3580,0.5768156424581006,0.43333613191847786,0.36199752784908673,0.6021747791799517,0.855716425361957,0.6324723247232472,0.7273498833015065,0.22094508301404853,0.6528301886792452,0.3301526717557252,0.45454545454545453,0.014705882352941176,0.02849002849002849
