architecture,scenario,round,n_clients,clients_participated,duration_sec,success,test_acc,test_loss,bytes_to_aggregator,bytes_p2p_direct,bytes_relay,updates_discarded,timestamp
B,e7_airlstm_iid,1,10,10,1.4648478981107473,True,0.23193373321908026,1.100687243978625,510570,510570,0,0,1791300034.0337205
B,e7_airlstm_iid,2,10,10,1.4810912879183888,True,0.43787489288774634,1.0875917663236443,510570,510570,0,0,1791300035.5150423
B,e7_airlstm_iid,3,10,10,1.6138639450073242,True,0.5132819194515853,1.044141654183748,510570,510570,0,0,1791300037.1291423
B,e7_airlstm_iid,4,10,10,1.4684656509198248,True,0.5284204512996287,1.004341643389822,510570,510570,0,0,1791300038.5978787
B,e7_airlstm_iid,5,10,10,1.4670269526541233,True,0.5347043701799485,0.979597976159382,510570,510570,0,0,1791300040.0651114
B,e7_airlstm_iid,6,10,10,1.463628283701837,True,0.5364181662382177,0.9699851388217585,510570,510570,0,0,1791300041.5289662
B,e7_airlstm_iid,7,10,10,1.4595252820290625,True,0.5424164524421594,0.9655836405191582,510570,510570,0,0,1791300042.9887557
B,e7_airlstm_iid,8,10,10,1.486938645131886,True,0.5444158811768066,0.9630170129973764,510570,510570,0,0,1791300044.4759226
B,e7_airlstm_iid,9,10,10,1.459446453023702,True,0.5441302485004285,0.9610952321409123,510570,510570,0,0,1791300045.9355922
B,e7_airlstm_iid,10,10,10,1.4613971300423145,True,0.540131391031134,0.9654574036359855,510570,510570,0,0,1791300047.3972144
B,e7_airlstm_iid,11,10,10,1.4655686500482261,True,0.5452727792059412,0.9583529493053515,510570,510570,0,0,1791300048.862995
B,e7_airlstm_iid,12,10,10,1.6756544159725308,True,0.5447015138531848,0.9588655629725975,510570,510570,0,0,1791300050.5388792
B,e7_airlstm_iid,13,10,10,1.478713353164494,True,0.5469865752642102,0.9582555255900789,510570,510570,0,0,1791300052.017833
B,e7_airlstm_iid,14,10,10,1.4716639891266823,True,0.5455584118823193,0.9615348703825144,510570,510570,0,0,1791300053.4897184
B,e7_airlstm_iid,15,10,10,1.516607325989753,True,0.5478434732933447,0.9556507288949961,510570,510570,0,0,1791300055.0065608
B,e7_airlstm_iid,16,10,10,1.4757911306805909,True,0.548129105969723,0.9583560237200797,510570,510570,0,0,1791300056.4825783
B,e7_airlstm_iid,17,10,10,1.4628071780316532,True,0.5487003713224793,0.9577173658249482,510570,510570,0,0,1791300057.9455912
B,e7_airlstm_iid,18,10,10,1.5336435199715197,True,0.5489860039988574,0.9566408759421943,510570,510570,0,0,1791300059.479451
B,e7_airlstm_iid,19,10,10,1.5626311842352152,True,0.5512710654098829,0.9559084779703423,510570,510570,0,0,1791300061.0422995
B,e7_airlstm_iid,20,10,10,1.4904781691730022,True,0.5487003713224793,0.955236868632245,510570,510570,0,0,1791300062.533024
B,e7_airlstm_iid,21,10,10,1.4910352937877178,True,0.549842902027992,0.956436394351239,510570,510570,0,0,1791300064.0243099
B,e7_airlstm_iid,22,10,10,1.6268014549277723,True,0.5461296772350757,0.9537200212001937,510570,510570,0,0,1791300065.6513362
B,e7_airlstm_iid,23,10,10,1.4815030498430133,True,0.5492716366752356,0.9590882777622923,510570,510570,0,0,1791300067.1330757
B,e7_airlstm_iid,24,10,10,1.5209775902330875,True,0.5478434732933447,0.9526908579501926,510570,510570,0,0,1791300068.6542935
B,e7_airlstm_iid,25,10,10,1.4668958936817944,True,0.5478434732933447,0.9552590467016617,510570,510570,0,0,1791300070.1214108
B,e7_airlstm_iid,26,10,10,1.4782292093150318,True,0.5495572693516139,0.9534308947824949,510570,510570,0,0,1791300071.599861
B,e7_airlstm_iid,27,10,10,1.4766371077857912,True,0.5484147386461011,0.9555331668456055,510570,510570,0,0,1791300073.0767481
B,e7_airlstm_iid,28,10,10,1.4857562617398798,True,0.5487003713224793,0.9578129441967627,510570,510570,0,0,1791300074.5627422
B,e7_airlstm_iid,29,10,10,1.4842847320251167,True,0.5484147386461011,0.9524606552099507,510570,510570,0,0,1791300076.0472527
B,e7_airlstm_iid,30,10,10,1.4681873228400946,True,0.5475578406169666,0.9560749724537125,510570,510570,0,0,1791300077.5156803
B,e7_airlstm_iid,31,10,10,1.5898176431655884,True,0.5472722079405884,0.956090664189395,510570,510570,0,0,1791300079.1057491
B,e7_airlstm_iid,32,10,10,1.463421244174242,True,0.5469865752642102,0.9516526551901766,510570,510570,0,0,1791300080.5693932
B,e7_airlstm_iid,33,10,10,1.4573047501035035,True,0.5478434732933447,0.9512313352724853,510570,510570,0,0,1791300082.026926
B,e7_airlstm_iid,34,10,10,1.4649569881148636,True,0.5492716366752356,0.9553355654114759,510570,510570,0,0,1791300083.4921105
B,e7_airlstm_iid,35,10,10,1.4598023002035916,True,0.549842902027992,0.9491887862121878,510570,510570,0,0,1791300084.9521468
B,e7_airlstm_iid,36,10,10,1.4917286122217774,True,0.5475578406169666,0.9554679351546226,510570,510570,0,0,1791300086.4441104
B,e7_airlstm_iid,37,10,10,1.5130937919020653,True,0.5484147386461011,0.9534041330290671,510570,510570,0,0,1791300087.9574754
B,e7_airlstm_iid,38,10,10,1.5579222538508475,True,0.5489860039988574,0.9575193113887082,510570,510570,0,0,1791300089.515672
B,e7_airlstm_iid,39,10,10,1.4854691568762064,True,0.5475578406169666,0.9523514803393641,510570,510570,0,0,1791300091.001393
B,e7_airlstm_iid,40,10,10,1.6035943483002484,True,0.5501285347043702,0.9571303984193386,510570,510570,0,0,1791300092.6052167
B,e7_airlstm_iid,41,10,10,1.4876654068939388,True,0.549842902027992,0.9529874505604448,510570,510570,0,0,1791300094.0931563
B,e7_airlstm_iid,42,10,10,1.5526561420410872,True,0.5492716366752356,0.9509162660055044,510570,510570,0,0,1791300095.6461093
B,e7_airlstm_iid,43,10,10,1.4770924309268594,True,0.5492716366752356,0.9535914363605027,510570,510570,0,0,1791300097.1234734
B,e7_airlstm_iid,44,10,10,1.5114482073113322,True,0.5484147386461011,0.9522475843870855,510570,510570,0,0,1791300098.6351583
B,e7_airlstm_iid,45,10,10,1.5934640308842063,True,0.549842902027992,0.9550459490813926,510570,510570,0,0,1791300100.228863
B,e7_airlstm_iid,46,10,10,1.6106320428662002,True,0.5495572693516139,0.9550715048494969,510570,510570,0,0,1791300101.8397217
B,e7_airlstm_iid,47,10,10,1.5968664642423391,True,0.5492716366752356,0.9524045789354156,510570,510570,0,0,1791300103.4368443
B,e7_airlstm_iid,48,10,10,1.6785285989753902,True,0.5512710654098829,0.9522806334515974,510570,510570,0,0,1791300105.115609
B,e7_airlstm_iid,49,10,10,1.6515724258497357,True,0.5495572693516139,0.9531136519293961,510570,510570,0,0,1791300106.7674398
B,e7_airlstm_iid,50,10,10,1.8003757167607546,True,0.549842902027992,0.9538713803600496,510570,510570,0,0,1791300108.56805
