t_wall,t_mono,proc_cpu_pct,sys_cpu_pct,rss_mb,power_w,n_procs
1791362267.7053018,56000.997009779,0.0,0.0,493.88,3.883,1
1791362267.9064302,56001.198138068,24.7,5.7,496.98,3.883,1
1791362268.1090689,56001.400776066,9.9,4.1,509.23,3.883,1
1791362268.3107579,56001.602465966,5.0,1.2,509.37,3.883,1
1791362268.5139177,56001.805625214,54.5,14.6,516.62,3.883,1
1791362268.7168446,56002.008551737,19.7,7.7,516.66,3.883,1
1791362268.919974,56002.2116811,9.8,6.5,516.93,3.883,1
1791362269.1218581,56002.413564905,24.6,9.6,518.06,3.883,1
1791362269.3223674,56002.614073491,19.9,6.9,518.89,3.883,1
1791362269.5233226,56002.815028918,5.0,0.8,518.89,3.883,1
1791362269.7262533,56003.017960363,0.0,0.0,518.89,3.883,1
1791362269.9268782,56003.218584529,0.0,0.0,518.89,3.883,1
1791362270.1289208,56003.420627943,0.0,6.5,518.89,3.883,1
1791362270.3297186,56003.621424853,13.6,9.7,519.62,3.883,1
1791362270.5310595,56003.822765991,14.9,7.4,520.27,3.883,1
1791362270.733518,56004.025224845,24.8,8.1,520.71,3.883,1
1791362270.9348488,56004.226555405,19.7,7.7,520.71,3.883,1
1791362271.1359468,56004.42765425,14.9,8.1,520.79,3.883,1
1791362271.338234,56004.629940681,14.9,8.8,521.04,3.883,1
1791362271.5406911,56004.832398523,14.8,6.5,521.21,3.883,1
1791362271.741274,56005.032980048,19.8,8.8,522.05,3.883,1
1791362271.9417236,56005.233429719,15.0,6.9,522.27,3.883,1
1791362272.1433196,56005.43502605,14.9,6.9,522.32,3.883,1
1791362272.3458707,56005.637577368,14.9,7.3,522.62,3.883,1
1791362272.5478458,56005.839553287,24.6,10.5,523.67,3.883,1
1791362272.7497332,56006.041439134,14.9,8.4,524.28,3.883,1
1791362272.9501798,56006.241885756,19.9,5.8,525.21,3.883,1
1791362273.1520104,56006.443717087,19.9,8.4,525.38,3.883,1
1791362273.3541946,56006.645903533,9.9,4.6,525.78,3.883,1
1791362273.5569937,56006.848701142,19.8,8.0,526.77,3.883,1
1791362273.759273,56007.050980491,24.6,7.3,527.09,3.883,1
1791362273.9613907,56007.253097045,14.8,6.6,527.34,3.883,1
1791362274.166302,56007.45800842,14.7,6.8,528.24,3.883,1
1791362274.3675146,56007.659220962,14.9,6.1,528.9,3.883,1
1791362274.567905,56007.859610878,14.9,8.4,530.83,3.883,1
1791362274.7717514,56008.063458885,14.8,5.3,531.34,3.883,1
1791362274.973397,56008.265104166,24.7,7.7,532.41,3.883,1
1791362275.1766,56008.468308245,19.8,6.9,533.29,3.883,1
1791362275.3773556,56008.669061852,19.7,7.6,534.84,3.883,1
1791362275.5788198,56008.870527001,19.9,5.8,535.22,3.883,1
1791362275.7800531,56009.071759971,19.9,9.3,535.54,3.883,1
1791362275.9828734,56009.274580694,19.8,9.5,535.75,3.883,1
1791362276.1844947,56009.476201311,19.8,7.3,536.12,3.883,1
1791362276.3856049,56009.677311225,14.9,5.7,536.98,3.883,1
1791362276.5868058,56009.878512792,19.9,8.8,537.35,3.883,1
1791362276.7876916,56010.079397713,19.9,8.1,537.73,3.883,1
1791362276.9895024,56010.281209812,14.9,8.4,538.64,3.883,1
1791362277.1925898,56010.484296425,14.9,6.9,538.9,3.883,1
1791362277.3930504,56010.684756741,54.3,10.7,539.16,3.883,1
1791362277.5988002,56010.890507753,19.8,7.6,539.44,3.883,1
1791362277.8007185,56011.092425594,14.6,7.6,539.73,3.883,1
1791362278.0020912,56011.293797397,14.9,7.6,539.96,3.883,1
1791362278.2056236,56011.497331072,19.9,8.8,540.15,3.883,1
1791362278.4066017,56011.698308395,19.7,7.7,540.38,3.883,1
1791362278.6094506,56011.901157795,19.9,8.8,540.55,3.883,1
1791362278.8129506,56012.104658264,19.7,7.7,541.08,3.883,1
1791362279.0136049,56012.305310791,19.7,6.1,541.38,3.883,1
1791362279.215829,56012.507535268,10.0,8.0,541.78,3.883,1
1791362279.4178913,56012.709598578,19.8,8.4,542.29,3.883,1
1791362279.6191363,56012.910842511,19.8,7.7,542.79,3.883,1
1791362279.822656,56013.114364169,14.9,8.3,543.66,3.883,1
1791362280.023646,56013.315352155,19.7,7.7,544.68,3.883,1
1791362280.2267992,56013.518506476,14.9,7.9,545.11,3.883,1
1791362280.4298024,56013.721510035,29.6,10.3,545.61,3.883,1
1791362280.632603,56013.924310251,14.7,9.1,545.92,3.883,1
1791362280.836457,56014.128164802,14.8,7.2,546.23,3.883,1
1791362281.0405777,56014.33228487,19.4,6.8,546.55,3.883,1
1791362281.242687,56014.534393318,14.9,6.9,546.7,3.883,1
1791362281.4453287,56014.737035996,24.7,7.3,547.32,3.883,1
1791362281.6458118,56014.937517842,24.7,8.9,548.13,3.883,1
1791362281.8503432,56015.142049973,19.6,7.2,548.56,3.883,1
1791362282.052869,56015.344576433,19.8,6.6,548.93,3.883,1
1791362282.255907,56015.547614405,14.9,6.5,549.55,3.883,1
1791362282.4565432,56015.748249948,24.7,7.8,551.98,3.883,1
1791362283.5833514,56016.87505742,16.6,7.1,609.27,3.883,1
1791362283.783819,56017.075524948,20.5,5.7,609.47,3.883,1
1791362283.985769,56017.277476966,14.9,6.5,609.48,3.883,1
1791362284.1863914,56017.478097367,19.8,6.1,609.79,3.883,1
1791362284.3867643,56017.678470379,15.0,8.5,610.09,3.883,1
1791362284.5888374,56017.8805439,24.9,8.5,610.84,3.883,1
1791362284.7912593,56018.082966299,19.8,5.7,611.32,3.883,1
1791362284.9918,56018.283506245,24.7,9.6,611.84,3.883,1
1791362285.1926222,56018.484328609,24.9,8.1,611.95,3.883,1
1791362285.3954377,56018.687145408,19.9,7.1,613.39,3.883,1
1791362285.5973568,56018.889063325,19.7,6.6,614.34,3.883,1
1791362285.7979577,56019.089663915,34.7,8.9,617.02,3.883,1
1791362285.998434,56019.290140525,34.9,9.7,618.56,3.883,1
1791362286.198914,56019.490620063,20.0,7.7,618.85,3.883,1
1791362286.4035394,56019.695246755,9.9,6.5,619.38,3.883,1
1791362286.6078508,56019.899559123,24.5,8.7,620.05,3.883,1
1791362286.8098493,56020.101557171,24.4,8.8,620.88,3.883,1
1791362287.011027,56020.302734443,14.9,6.1,621.4,3.883,1
1791362289.4695404,56020.503636982,14.9,5.3,621.62,3.883,1
1791362289.6701772,56020.704273704,14.9,6.1,621.8,3.883,1
1791362289.8712919,56020.905388392,10.0,7.6,622.14,3.883,1
1791362290.071931,56021.106027614,19.9,5.0,622.21,3.883,1
1791362290.2726574,56021.306753816,19.9,8.1,622.81,3.883,1
1791362290.4752798,56021.509377395,9.9,5.7,622.82,3.883,1
1791362290.6758852,56021.709981837,9.9,7.3,622.82,3.883,1
1791362290.879128,56021.913225558,14.9,6.5,622.82,3.883,1
1791362291.0798156,56022.113912377,9.8,8.3,622.82,3.883,1
1791362291.2810245,56022.31512269,14.9,6.9,622.82,3.883,1
1791362291.4828482,56022.516946201,5.0,6.1,622.82,3.883,1
1791362291.6852074,56022.719305503,14.8,6.5,622.82,3.883,1
1791362291.888453,56022.92255092,19.8,5.7,622.82,3.883,1
1791362292.090492,56023.124589485,9.8,10.4,622.82,3.883,1
1791362292.2925444,56023.326642192,14.9,6.9,622.83,3.883,1
1791362292.4935665,56023.52766374,14.9,7.6,622.83,3.883,1
1791362292.6947753,56023.728872617,9.9,7.6,622.83,3.883,1
1791362292.8957937,56023.929890172,14.9,6.6,622.83,3.883,1
1791362293.0968118,56024.130909091,10.0,6.5,622.84,3.883,1
1791362293.2984498,56024.332547089,9.9,6.1,622.84,3.883,1
1791362293.4996393,56024.533736927,9.9,5.3,622.84,3.883,1
1791362293.7011895,56024.735286841,9.9,5.4,622.84,3.883,1
1791362293.9023688,56024.936465226,9.9,4.9,622.85,3.883,1
1791362294.1039495,56025.138046483,14.9,7.6,622.85,3.883,1
1791362294.3078358,56025.34193375,14.9,6.9,622.85,3.883,1
1791362294.5108912,56025.544988974,9.8,5.3,622.85,3.883,1
1791362294.7132306,56025.747328206,14.8,6.5,622.85,3.883,1
1791362294.9149961,56025.949093277,9.9,7.2,622.86,3.883,1
1791362295.1157901,56026.149887023,9.9,4.5,622.86,3.883,1
1791362295.3172455,56026.351343114,14.9,5.7,622.86,3.883,1
1791362295.518092,56026.552188824,9.9,5.4,622.86,3.883,1
1791362295.7197824,56026.75387958,14.9,6.1,622.86,3.883,1
1791362295.922602,56026.956699475,24.8,9.1,622.93,3.883,1
1791362296.1247733,56027.158870468,14.8,7.2,622.94,3.883,1
1791362296.3253396,56027.359436366,14.9,6.1,622.95,3.883,1
1791362296.5286043,56027.562702393,14.9,6.5,622.96,3.883,1
1791362296.7300584,56027.764155453,9.8,7.7,622.96,3.883,1
1791362296.9361713,56027.970268252,14.9,5.3,622.96,3.883,1
1791362297.1375618,56028.17165878,14.6,5.6,622.96,3.883,1
1791362297.3391113,56028.373208337,9.9,6.9,623.01,3.883,1
1791362297.5457447,56028.579842492,9.9,6.0,623.06,3.883,1
1791362297.749467,56028.783564796,19.3,7.5,623.07,3.883,1
1791362297.9514174,56028.985514144,9.9,6.8,623.07,3.883,1
1791362298.154719,56029.188816932,9.9,4.9,623.07,3.883,1
1791362298.3562095,56029.390306506,9.9,5.7,623.07,3.883,1
1791362298.558967,56029.593064396,14.9,7.2,623.07,3.883,1
1791362298.7628903,56029.796988684,14.8,6.9,623.07,3.883,1
1791362298.964698,56029.998796012,9.8,6.9,623.07,3.883,1
1791362299.1670792,56030.201176997,14.9,6.5,623.07,3.883,1
1791362299.3695738,56030.403671591,9.9,6.5,623.07,3.883,1
1791362299.5702047,56030.604301483,14.9,6.5,623.07,3.883,1
1791362299.7716649,56030.805762342,9.9,6.1,623.08,3.883,1
1791362299.97631,56031.01040792,14.9,6.5,623.08,3.883,1
1791362300.1790528,56031.213150483,9.8,7.5,623.08,3.883,1
1791362300.380399,56031.414497319,9.9,6.1,623.08,3.883,1
1791362300.5842757,56031.618373619,9.8,6.0,623.08,3.883,1
1791362300.7855911,56031.819688241,9.9,7.2,623.08,3.883,1
1791362300.9875233,56032.021620863,14.9,6.1,623.08,3.883,1
1791362301.1902761,56032.224373698,9.9,5.7,623.09,3.883,1
1791362301.392228,56032.426325617,14.8,6.5,623.09,3.883,1
1791362301.5938096,56032.627907243,9.9,6.1,623.1,3.883,1
1791362301.7951748,56032.82927208,14.9,6.1,623.1,3.883,1
1791362301.9992006,56033.033298462,9.9,6.5,623.11,3.883,1
1791362302.2016153,56033.235712849,14.7,6.0,623.11,3.883,1
1791362302.4040852,56033.438182882,9.9,6.9,623.11,3.883,1
1791362302.6058273,56033.639923986,14.8,6.9,623.11,3.883,1
1791362302.8064315,56033.840527978,14.9,5.3,623.11,3.883,1
1791362303.0076785,56034.041775454,5.0,6.1,623.11,3.883,1
1791362303.210482,56034.244579854,14.9,6.1,623.11,3.883,1
1791362303.4111464,56034.445242947,14.8,6.9,623.11,3.883,1
1791362303.6133657,56034.647462924,14.9,6.1,623.12,3.883,1
1791362303.8150456,56034.849143399,9.9,6.1,623.12,3.883,1
1791362304.0186152,56035.052712954,9.9,7.2,623.12,3.883,1
1791362304.2192433,56035.25334006,14.8,5.7,623.12,3.883,1
1791362304.420821,56035.454917398,14.9,4.9,623.12,3.883,1
1791362304.6224315,56035.656529415,9.9,6.1,623.12,3.883,1
1791362304.8232143,56035.857311084,5.0,5.7,623.12,3.883,1
1791362305.0240757,56036.058172711,10.0,6.1,623.12,3.883,1
1791362305.2257254,56036.259823108,14.9,7.6,623.12,3.883,1
1791362305.426204,56036.460300987,14.9,6.9,623.13,3.883,1
1791362305.6267955,56036.660891824,10.0,5.3,623.13,3.883,1
1791362305.8271866,56036.861283199,10.0,6.9,623.13,3.883,1
1791362306.0294132,56037.063510699,10.0,6.5,623.14,3.883,1
1791362306.2317936,56037.265891371,14.8,6.1,623.14,3.883,1
1791362306.4328241,56037.466920754,14.8,6.9,623.14,3.883,1
1791362306.6341977,56037.668294627,9.9,6.1,623.15,3.883,1
1791362306.835146,56037.869243271,9.9,6.5,623.15,3.883,1
1791362307.0355036,56038.069600068,14.9,6.2,623.15,3.885,1
1791362307.2374194,56038.271516277,9.9,6.9,623.15,3.885,1
1791362307.439261,56038.473358458,9.9,7.6,623.15,3.885,1
1791362307.6406622,56038.674759195,14.8,6.1,623.15,3.885,1
1791362307.8417337,56038.87583059,10.0,5.3,623.15,3.885,1
1791362308.0450814,56039.079179523,9.9,8.4,623.16,3.885,1
1791362308.2467182,56039.280816248,14.8,5.3,623.16,3.885,1
1791362308.4478326,56039.481929922,14.9,6.1,623.16,3.885,1
1791362308.648303,56039.68239937,14.9,6.2,623.16,3.885,1
1791362308.8496795,56039.883776845,10.0,6.9,623.16,3.885,1
1791362309.055922,56040.090020388,14.9,6.9,623.16,3.885,1
1791362309.2566943,56040.290790925,9.7,7.1,623.16,3.885,1
1791362309.4590251,56040.493123185,14.9,5.7,623.16,3.885,1
1791362309.6601808,56040.694277977,14.8,7.6,623.17,3.885,1
1791362309.8620224,56040.896119598,9.9,5.0,623.17,3.885,1
1791362310.063833,56041.097930253,9.9,7.6,623.17,3.885,1
1791362310.265194,56041.299290774,14.9,5.7,623.17,3.885,1
1791362310.4654796,56041.499575902,9.9,6.5,623.18,3.885,1
1791362310.667226,56041.701323781,10.0,6.1,623.18,3.885,1
1791362310.8689091,56041.903006404,14.9,6.1,623.18,3.885,1
1791362311.0702732,56042.104370075,9.9,6.1,623.18,3.885,1
1791362311.2709243,56042.305020749,9.9,6.1,623.18,3.885,1
1791362311.4713688,56042.50546518,15.0,6.5,623.18,3.885,1
1791362311.6721933,56042.706290778,10.0,7.7,623.19,3.885,1
1791362311.87352,56042.907617139,9.9,6.9,623.19,3.885,1
1791362312.078763,56043.112860949,9.9,6.1,623.19,3.885,1
1791362312.28017,56043.314267384,19.5,7.5,623.19,3.885,1
1791362312.48281,56043.516908669,9.9,5.3,623.19,3.885,1
1791362312.684692,56043.718790554,9.9,7.6,623.19,3.885,1
1791362312.8869948,56043.921092779,14.9,7.2,623.19,3.885,1
1791362313.095989,56044.130088092,9.9,7.3,623.19,3.885,1
1791362313.29749,56044.331587381,14.3,6.3,623.2,3.885,1
1791362313.4979956,56044.532092145,14.9,7.7,623.69,3.885,1
1791362313.701345,56044.735443223,24.9,7.3,624.07,3.885,1
1791362313.90326,56044.937358091,14.8,6.1,624.37,3.885,1
1791362314.1038198,56045.137916313,19.8,7.3,625.0,3.885,1
1791362314.314118,56045.348214462,76.5,14.3,627.7,3.885,1
1791362314.5160387,56045.550135975,9.9,6.5,628.18,3.885,1
1791362314.719002,56045.753099784,14.8,6.9,628.52,3.885,1
1791362314.9237142,56045.957811843,19.8,8.4,629.31,3.885,1
1791362315.1256561,56046.159753486,19.5,6.9,629.5,3.885,1
1791362315.335487,56046.369583662,19.3,7.8,629.98,3.885,1
1791362315.5360253,56046.570122079,29.5,7.8,630.96,3.885,1
1791362315.7365787,56046.770675469,39.9,9.8,632.6,3.885,1
1791362315.9396272,56046.973725112,14.9,7.6,633.07,3.885,1
1791362316.1415465,56047.17564314,14.8,6.9,633.07,3.885,1
1791362316.3436306,56047.377728331,9.9,6.5,633.07,3.885,1
1791362316.5461874,56047.580286693,9.9,4.9,633.07,3.885,1
1791362316.747632,56047.781730196,19.8,6.1,633.07,3.885,1
1791362316.9514444,56047.985543067,4.9,5.7,633.07,3.885,1
1791362317.1520717,56048.186168133,14.8,4.6,633.07,3.885,1
1791362317.352763,56048.386859562,15.0,6.9,633.08,3.885,1
1791362317.5534956,56048.587592537,10.0,5.3,633.08,3.885,1
1791362317.7598693,56048.793967429,24.3,10.9,633.19,3.885,1
1791362317.961041,56048.99513805,34.8,8.2,634.59,3.885,1
1791362318.1617708,56049.195867541,24.9,8.5,634.74,3.885,1
1791362318.3648672,56049.398965135,34.8,10.4,635.43,3.885,1
1791362318.570069,56049.604166689,34.0,8.0,638.34,3.885,1
1791362318.772335,56049.806432498,29.6,8.5,638.78,3.885,1
1791362318.9735532,56050.007650688,19.8,7.3,638.85,3.885,1
1791362319.1748445,56050.208941552,9.9,7.6,638.86,3.885,1
1791362319.3763013,56050.410398544,19.9,8.1,638.96,3.885,1
1791362319.576725,56050.610821307,14.9,8.1,639.05,3.885,1
1791362319.778889,56050.812986004,20.0,7.3,639.3,3.885,1
1791362320.0152256,56051.049322934,24.0,9.2,640.11,3.885,1
1791362320.2160628,56051.250159579,39.0,8.5,640.58,3.885,1
1791362320.4170995,56051.451197082,19.9,8.5,643.95,3.885,1
1791362320.618482,56051.652578587,163.9,32.0,647.22,3.885,1
1791362320.8219244,56051.856021057,368.6,59.0,650.23,3.885,1
1791362321.0225887,56052.056685143,641.8,100.0,650.25,3.885,1
1791362321.223853,56052.257949769,632.9,99.6,650.29,3.885,1
1791362321.4248464,56052.458942851,630.1,100.0,650.34,3.885,1
1791362321.630333,56052.664430196,632.5,100.0,650.37,3.885,1
1791362323.977927,56052.866052922,593.4,72.2,650.51,3.885,1
1791362324.1843822,56053.072507965,598.4,92.8,650.51,3.885,1
1791362324.3850646,56053.273190664,638.3,100.0,650.51,3.885,1
1791362324.5854404,56053.473566313,13.5,50.0,650.51,3.885,1
1791362324.7869282,56053.675055125,0.0,0.0,650.51,3.885,1
1791362324.9883838,56053.876510509,0.0,0.4,650.51,3.885,1
1791362325.1891148,56054.077240782,0.0,2.5,650.51,3.885,1
1791362325.392756,56054.280881868,622.5,76.5,650.53,3.885,1
1791362325.593585,56054.481710963,10.6,63.1,650.54,3.885,1
1791362325.7969666,56054.685094009,0.0,0.0,650.54,3.885,1
1791362325.9985726,56054.886699668,0.0,0.4,650.54,3.885,1
1791362326.2017665,56055.08989388,0.0,0.4,650.54,3.885,1
1791362326.4025939,56055.290720014,4.9,0.0,650.54,3.885,1
1791362326.605175,56055.493301969,0.0,0.4,650.54,3.885,1
1791362326.8069434,56055.695070995,4.9,0.0,650.54,3.885,1
1791362327.009629,56055.897755395,0.0,0.0,650.54,3.885,1
1791362327.2113812,56056.099508194,0.0,0.0,650.54,3.885,1
1791362327.4173546,56056.305481999,0.0,0.4,650.54,3.885,1
1791362327.6210642,56056.509191348,0.0,0.4,650.54,3.885,1
1791362327.8238041,56056.71193294,4.9,0.4,650.54,3.885,1
1791362328.0258756,56056.914002629,0.0,0.8,650.54,3.885,1
1791362328.227168,56057.115294908,0.0,0.0,650.54,3.885,1
1791362328.4302633,56057.318390748,5.0,0.4,650.54,3.885,1
1791362328.632793,56057.52091898,534.3,31.6,650.56,3.885,1
1791362328.8334558,56057.721581852,638.5,100.0,650.56,3.885,1
1791362329.0342066,56057.922332723,0.0,87.9,650.56,3.885,1
1791362329.2350802,56058.123206498,0.0,1.2,650.56,3.885,1
1791362329.4378111,56058.325937582,5.0,0.4,650.56,3.885,1
1791362329.6420958,56058.530223215,0.0,0.0,650.56,3.885,1
1791362329.8452063,56058.733333879,4.9,0.4,650.56,3.885,1
1791362330.0495057,56058.93763321,0.0,0.0,650.56,3.885,1
1791362330.2511253,56059.139252005,0.0,0.4,650.56,3.885,1
1791362330.4545677,56059.342694777,5.0,0.0,650.56,3.885,1
1791362330.6563811,56059.544508093,0.0,0.0,650.56,3.885,1
1791362330.8598073,56059.747933631,0.0,2.0,650.56,3.885,1
1791362331.0607502,56059.948876213,621.1,69.4,650.57,3.885,1
1791362331.2613273,56060.149453806,0.0,86.6,650.58,3.885,1
1791362331.4657843,56060.353911809,0.0,1.7,650.58,3.885,1
1791362331.6680324,56060.556160044,0.0,0.8,650.58,3.885,1
1791362331.870291,56060.758417977,4.9,0.4,650.58,3.885,1
1791362332.0709326,56060.959058807,0.0,0.0,650.58,3.885,1
1791362332.271492,56061.159617993,0.0,0.0,650.58,3.885,1
1791362332.4771929,56061.36532089,5.0,0.4,650.58,3.885,1
1791362332.6791317,56061.567258794,0.0,0.0,650.58,3.885,1
1791362332.8833547,56061.771482473,4.9,3.7,650.58,3.885,1
1791362333.0862184,56061.974344137,608.2,78.9,650.6,3.885,1
1791362333.2945528,56062.182678538,637.2,100.0,650.6,3.885,1
1791362333.4949584,56062.383084175,0.0,81.4,650.61,3.885,1
1791362333.6956275,56062.583753688,0.0,0.0,650.61,3.885,1
1791362333.8979545,56062.786080595,0.0,0.0,650.61,3.885,1
1791362334.0998676,56062.987994807,5.0,0.4,650.61,3.885,1
1791362334.3015544,56063.189681132,0.0,0.4,650.61,3.885,1
1791362334.5061343,56063.39426176,0.0,0.4,650.61,3.885,1
1791362334.707829,56063.595955926,0.0,0.0,650.61,3.885,1
1791362334.909617,56063.797744219,5.0,0.0,650.61,3.885,1
1791362335.1127012,56064.000828319,0.0,0.0,650.61,3.885,1
1791362335.3175206,56064.205648911,0.0,2.9,650.61,3.885,1
1791362335.5198388,56064.407964713,611.3,78.8,650.62,3.885,1
1791362335.7245064,56064.612632399,649.9,100.0,650.62,3.885,1
1791362335.924963,56064.813088698,0.0,81.7,650.63,3.885,1
1791362336.1267943,56065.014920933,0.0,0.0,650.63,3.885,1
1791362336.3300676,56065.218194924,4.9,0.4,650.63,3.885,1
1791362336.5311787,56065.419305038,0.0,0.0,650.63,3.885,1
1791362336.7325542,56065.620681147,0.0,0.4,650.63,3.885,1
1791362336.934115,56065.822242476,0.0,0.8,650.63,3.885,1
1791362337.1400318,56066.028157981,314.1,20.5,650.63,3.885,1
1791362337.3428044,56066.230930324,641.1,100.0,650.63,3.885,1
1791362337.543419,56066.431544773,647.9,100.0,650.63,3.886,1
1791362337.745163,56066.63328999,0.0,25.4,650.63,3.886,1
1791362337.9459522,56066.834078332,0.0,0.0,650.63,3.886,1
1791362338.1464734,56067.034599494,0.0,0.4,650.63,3.886,1
1791362338.3492408,56067.237367925,0.0,0.4,650.63,3.886,1
1791362338.5512714,56067.439398076,9.9,0.4,650.63,3.886,1
1791362338.7532096,56067.641336779,0.0,0.0,650.63,3.886,1
1791362338.9544675,56067.842594639,0.0,0.4,650.63,3.886,1
1791362339.1565573,56068.044684361,0.0,0.0,650.63,3.886,1
1791362339.3575013,56068.245627364,0.0,0.8,650.63,3.886,1
1791362339.5613194,56068.44944535,602.9,53.5,650.64,3.886,1
1791362339.7620833,56068.650209287,645.2,100.0,650.64,3.886,1
1791362339.9626696,56068.850795431,0.0,97.5,650.65,3.886,1
1791362340.164298,56069.052426151,5.0,1.3,650.65,3.886,1
1791362340.366732,56069.254859157,4.9,0.4,650.65,3.886,1
1791362340.573385,56069.461512295,0.0,0.0,650.65,3.886,1
1791362340.775017,56069.663144164,0.0,0.8,650.65,3.886,1
1791362340.976374,56069.864500829,0.0,1.2,650.65,3.886,1
1791362341.1779296,56070.066057015,5.0,0.0,650.65,3.886,1
1791362341.3794818,56070.267608789,0.0,0.0,650.65,3.886,1
1791362341.582416,56070.47054337,0.0,0.4,650.65,3.886,1
1791362341.7855573,56070.673684183,4.9,0.4,650.65,3.886,1
1791362341.988413,56070.8765408,0.0,0.0,650.65,3.886,1
1791362342.1907809,56071.078908069,0.0,0.0,650.65,3.886,1
1791362342.3924232,56071.280549826,0.0,10.7,650.65,3.886,1
1791362342.5964422,56071.484568072,598.9,83.4,650.66,3.886,1
1791362342.7969604,56071.685086067,643.5,100.0,650.66,3.886,1
1791362342.9982944,56071.886421216,0.0,41.2,650.66,3.886,1
1791362343.199376,56072.087503,0.0,0.8,650.66,3.886,1
1791362343.4011877,56072.289314576,0.0,0.8,650.66,3.886,1
1791362343.6069388,56072.495067899,0.0,0.4,650.66,3.886,1
1791362343.8107758,56072.69890371,4.8,0.8,650.66,3.886,1
1791362344.012894,56072.901021801,0.0,0.4,650.66,3.886,1
1791362344.2139497,56073.10207682,0.0,0.0,650.66,3.886,1
1791362344.4175348,56073.305661965,5.0,0.8,650.68,3.886,1
1791362344.6219246,56073.510052056,14.8,1.2,650.71,3.886,1
1791362344.8225155,56073.710641371,0.0,0.0,650.71,3.886,1
1791362345.0248835,56073.913012256,5.0,0.0,650.71,3.886,1
1791362345.2267761,56074.114903396,0.0,0.4,650.71,3.886,1
1791362345.4276297,56074.315756112,5.0,0.4,650.71,3.886,1
1791362345.6332505,56074.521378316,0.0,0.4,650.71,3.886,1
1791362345.8365288,56074.724654625,515.3,32.7,650.72,3.886,1
1791362346.038954,56074.927080136,614.8,98.3,650.72,3.886,1
1791362346.2415206,56075.129646449,640.2,99.6,650.72,3.886,1
1791362346.4443486,56075.332474393,634.8,100.0,650.73,3.886,1
1791362346.647711,56075.535838233,0.0,44.8,650.73,3.886,1
1791362346.848448,56075.736573706,0.0,0.4,650.73,3.886,1
1791362347.0500138,56075.938140728,0.0,0.4,650.73,3.886,1
1791362347.25078,56076.138906192,5.0,0.0,650.73,3.886,1
1791362347.4515967,56076.33972278,0.0,0.8,650.73,3.886,1
1791362347.6555793,56076.543707744,0.0,1.6,650.73,3.886,1
1791362347.8595464,56076.747674854,0.0,0.0,650.73,3.886,1
1791362348.0603812,56076.948507155,418.4,25.8,650.73,3.886,1
1791362348.2660573,56077.154183218,627.1,99.6,650.74,3.886,1
1791362348.4719431,56077.360069105,634.1,100.0,650.74,3.886,1
1791362348.6807477,56077.568873752,639.8,99.6,650.74,3.886,1
1791362348.8825417,56077.770667378,629.7,100.0,650.74,3.886,1
1791362349.0857723,56077.973899348,22.1,45.3,650.75,3.886,1
1791362349.287778,56078.175904065,0.0,0.4,650.75,3.886,1
1791362349.490636,56078.378763774,0.0,0.4,650.75,3.886,1
1791362349.695226,56078.58335288,0.0,0.0,650.75,3.886,1
1791362349.8986788,56078.7868059,0.0,0.4,650.75,3.886,1
1791362350.0993903,56078.987515897,0.0,7.9,650.75,3.886,1
1791362350.3006709,56079.188796875,610.5,90.8,650.76,3.886,1
1791362350.504342,56079.392467866,645.9,100.0,650.76,3.886,1
1791362350.7159655,56079.604092238,634.8,100.0,650.76,3.886,1
1791362350.916454,56079.804580127,0.0,62.2,650.77,3.886,1
1791362351.1169767,56080.005102376,5.0,0.0,650.77,3.886,1
1791362351.3185406,56080.206667348,0.0,0.0,650.77,3.886,1
1791362351.5201523,56080.408279923,0.0,0.4,650.77,3.886,1
1791362351.7225218,56080.610648526,0.0,0.4,650.77,3.886,1
1791362351.9234068,56080.811533038,0.0,0.0,650.77,3.886,1
1791362352.1244643,56081.012590264,505.5,52.5,650.77,3.886,1
1791362352.3444319,56081.232558443,612.8,99.2,650.77,3.886,1
1791362352.5493422,56081.437468189,634.0,99.5,650.77,3.886,1
1791362352.7499437,56081.638069749,637.8,99.5,650.77,3.886,1
1791362352.9524138,56081.840539865,642.5,99.5,650.77,3.886,1
1791362353.1543083,56082.042434532,631.1,100.0,650.77,3.886,1
1791362353.356498,56082.244623863,627.2,99.6,650.77,3.886,1
1791362353.5588512,56082.446977622,640.0,71.6,650.77,3.886,1
1791362353.7623687,56082.650496941,6.7,13.2,650.78,3.886,1
1791362353.963563,56082.851689568,4.9,0.4,650.78,3.886,1
1791362354.1657538,56083.053880746,0.0,0.8,650.78,3.886,1
1791362354.3685358,56083.256661737,592.1,57.9,650.78,3.886,1
1791362354.5704713,56083.458597304,634.4,100.0,650.78,3.886,1
1791362354.7821586,56083.670284321,638.0,99.6,650.78,3.886,1
1791362354.9844604,56083.872586224,641.7,100.0,650.78,3.886,1
1791362355.1851547,56084.073280392,632.8,100.0,650.78,3.886,1
1791362355.3857026,56084.273828444,0.0,84.1,650.79,3.886,1
1791362355.5881722,56084.476298799,5.3,3.3,650.79,3.886,1
1791362355.7963827,56084.684509875,0.0,0.8,650.79,3.886,1
1791362355.9971106,56084.885236617,0.0,0.4,650.79,3.886,1
1791362358.3743582,56085.087068251,0.0,0.4,650.79,3.886,1
1791362358.575721,56085.288430447,5.0,0.4,650.79,3.886,1
1791362358.7799256,56085.492634227,581.1,31.7,650.8,3.886,1
1791362358.9807177,56085.693426259,633.1,98.8,650.8,3.886,1
1791362359.1812658,56085.893974738,0.0,67.2,650.8,3.886,1
1791362359.3835533,56086.096263371,0.0,0.4,650.8,3.886,1
1791362359.585634,56086.298344112,4.9,0.4,650.8,3.886,1
1791362359.787826,56086.500536543,0.0,0.0,650.8,3.886,1
1791362359.9898477,56086.702557447,4.9,0.4,650.8,3.886,1
1791362360.190415,56086.9031233,0.0,0.0,650.8,3.886,1
1791362360.39221,56087.104919839,0.0,0.4,650.8,3.886,1
1791362360.5931554,56087.305864503,0.0,0.0,650.8,3.886,1
1791362360.7939205,56087.506629433,0.0,0.0,650.8,3.886,1
1791362360.9957385,56087.708447888,0.0,3.7,650.8,3.883,1
1791362361.2059474,56087.918655904,614.4,84.0,650.81,3.883,1
1791362361.4081845,56088.120893294,640.6,100.0,650.81,3.883,1
1791362361.60873,56088.321438683,630.4,100.0,650.81,3.883,1
1791362361.8093581,56088.52206684,638.0,100.0,650.81,3.883,1
1791362362.0108716,56088.723581202,0.0,15.7,650.82,3.883,1
1791362362.214763,56088.927473626,0.0,0.0,650.82,3.883,1
1791362362.415513,56089.128221975,4.9,0.0,650.82,3.883,1
1791362362.617324,56089.330035385,0.0,0.4,650.82,3.883,1
1791362362.81878,56089.531489329,0.0,0.4,650.82,3.883,1
1791362363.0204115,56089.733121356,5.0,0.0,650.82,3.883,1
1791362363.2214897,56089.934198946,0.0,0.8,650.82,3.883,1
1791362363.4221585,56090.134867182,0.0,22.3,650.82,3.883,1
1791362363.6229334,56090.335642229,604.6,96.2,650.83,3.883,1
1791362363.8269472,56090.539655993,637.7,100.0,650.83,3.883,1
1791362364.028432,56090.74114132,0.0,9.5,650.83,3.883,1
1791362364.2288914,56090.941600145,0.0,0.0,650.83,3.883,1
1791362364.4295354,56091.142244606,0.0,0.0,650.83,3.883,1
1791362364.6316035,56091.344313002,5.0,0.0,650.83,3.883,1
1791362364.8323808,56091.545089454,0.0,0.0,650.83,3.883,1
1791362365.036624,56091.749334501,0.0,0.0,650.83,3.883,1
1791362365.2373097,56091.950018407,4.9,13.5,650.83,3.883,1
1791362365.4397185,56092.152426851,813.2,92.2,650.85,3.883,1
1791362365.6413798,56092.354089688,0.0,18.9,650.85,3.883,1
1791362365.843753,56092.556463576,4.9,0.4,650.85,3.883,1
1791362366.0494077,56092.762119351,0.0,0.0,650.85,3.883,1
1791362366.251258,56092.963967648,0.0,0.4,650.85,3.883,1
1791362366.4529998,56093.1657095,0.0,1.2,650.85,3.883,1
1791362366.654481,56093.367190767,0.0,0.4,650.85,3.883,1
1791362366.8561175,56093.56882696,0.0,1.2,650.85,3.883,1
1791362367.0599382,56093.772648767,5.0,0.0,650.85,3.883,1
1791362367.2612796,56093.973988141,0.0,0.4,650.85,3.883,1
1791362367.463008,56094.175716829,0.0,0.0,650.85,3.883,1
1791362367.663517,56094.376225791,519.5,29.0,650.86,3.883,1
1791362367.8686728,56094.581381687,634.6,99.6,650.86,3.883,1
1791362368.07005,56094.782759659,6.3,12.3,650.87,3.883,1
1791362368.2716668,56094.984376581,0.0,0.4,650.87,3.883,1
1791362368.4730608,56095.185770077,0.0,0.0,650.87,3.883,1
1791362368.6745214,56095.387230737,5.0,0.0,650.87,3.883,1
1791362368.8760152,56095.588724976,0.0,0.4,650.87,3.883,1
1791362369.0777617,56095.790471144,0.0,0.4,650.87,3.883,1
1791362369.279565,56095.992274963,0.0,0.0,650.87,3.883,1
1791362369.4848316,56096.197541335,555.9,25.9,650.95,3.883,1
1791362369.687841,56096.400550125,640.5,98.0,650.95,3.883,1
1791362369.888361,56096.60106995,638.3,100.0,650.96,3.883,1
1791362370.090048,56096.802757552,0.0,48.8,650.96,3.883,1
1791362370.291078,56097.003787773,5.0,0.0,650.96,3.883,1
1791362370.493198,56097.205907419,0.0,0.4,650.96,3.883,1
1791362370.694865,56097.407574794,0.0,0.0,650.96,3.883,1
1791362370.8969734,56097.609682967,0.0,0.4,650.96,3.883,1
1791362371.101192,56097.813902152,0.0,0.4,650.96,3.883,1
1791362371.3030224,56098.015732223,0.0,0.0,650.96,3.883,1
1791362371.5038633,56098.216572868,0.0,0.8,650.96,3.883,1
1791362371.7053306,56098.418039325,0.0,12.3,650.96,3.883,1
1791362371.907808,56098.620516734,628.4,93.7,650.98,3.883,1
1791362372.1087065,56098.821415461,0.0,70.0,650.98,3.883,1
1791362372.3095362,56099.022245594,5.0,0.0,650.98,3.883,1
1791362372.5108423,56099.223551893,0.0,0.0,650.98,3.883,1
1791362372.7121332,56099.424842786,0.0,0.4,650.98,3.883,1
1791362372.913456,56099.626165308,0.0,0.8,650.98,3.883,1
1791362373.118419,56099.831129608,0.0,2.1,650.98,3.883,1
1791362373.3204753,56100.03318505,0.0,0.4,650.98,3.883,1
1791362373.5217502,56100.234459848,0.0,0.0,650.98,3.883,1
1791362373.722859,56100.435568065,5.0,0.0,650.98,3.883,1
1791362373.9241762,56100.6368852,0.0,11.9,650.98,3.883,1
1791362374.1305666,56100.843275823,631.3,84.6,650.98,3.887,1
1791362374.3311567,56101.043865332,12.3,79.8,650.99,3.887,1
1791362374.5338225,56101.2465324,5.0,1.6,650.99,3.887,1
1791362374.735745,56101.448455696,0.0,0.0,650.99,3.887,1
1791362374.9364653,56101.649173795,0.0,0.4,650.99,3.887,1
1791362375.1408224,56101.853531936,0.0,0.0,650.99,3.887,1
1791362375.3420634,56102.054772546,0.0,0.4,650.99,3.887,1
1791362375.5438294,56102.256539501,0.0,0.0,650.99,3.887,1
1791362375.7455614,56102.458270413,0.0,0.8,650.99,3.887,1
1791362375.9481013,56102.660810158,615.1,54.5,650.99,3.887,1
1791362376.1593869,56102.872095912,637.2,100.0,650.99,3.887,1
1791362376.359854,56103.072562775,714.2,97.6,650.99,3.887,1
1791362376.5621448,56103.274855376,0.0,0.4,650.99,3.887,1
1791362376.7651854,56103.477895536,4.9,0.4,650.99,3.887,1
1791362376.9668858,56103.679595683,0.0,0.0,650.99,3.887,1
1791362377.1680717,56103.88078107,5.0,0.4,650.99,3.887,1
1791362377.3689792,56104.081687951,0.0,0.0,651.0,3.887,1
1791362377.5700624,56104.282771751,0.0,2.1,651.0,3.887,1
1791362377.772776,56104.485486088,0.0,0.4,651.0,3.887,1
1791362377.975956,56104.688664726,613.2,47.2,651.0,3.887,1
1791362378.1764417,56104.889150115,637.8,100.0,651.0,3.887,1
1791362378.3771203,56105.089829068,648.3,99.6,651.0,3.887,1
1791362378.578135,56105.290844093,15.2,66.2,651.01,3.887,1
1791362378.7790947,56105.491804389,0.0,0.0,651.01,3.887,1
1791362378.9809313,56105.693641344,0.0,0.4,651.01,3.887,1
1791362379.1824036,56105.8951136,0.0,0.0,651.01,3.887,1
1791362379.3846827,56106.097393524,0.0,0.4,651.01,3.887,1
1791362379.5858965,56106.298605639,4.9,0.0,651.01,3.887,1
1791362379.7879705,56106.500680251,0.0,0.0,651.01,3.887,1
1791362379.9918196,56106.704528246,563.2,37.4,651.01,3.887,1
1791362380.199435,56106.912144287,636.5,99.6,651.01,3.887,1
1791362380.400032,56107.112740661,637.3,99.6,651.02,3.887,1
1791362380.6015692,56107.3142782,633.0,82.5,651.02,3.887,1
1791362380.8032749,56107.515984534,6.4,10.0,651.02,3.887,1
1791362381.004398,56107.717106901,0.0,0.8,651.02,3.887,1
1791362381.2084513,56107.921162674,0.0,0.4,651.02,3.887,1
1791362381.4119923,56108.124703597,0.0,0.0,651.02,3.887,1
1791362381.6127784,56108.325487398,0.0,0.8,651.02,3.887,1
1791362381.8146563,56108.527366877,0.0,1.2,651.02,3.887,1
1791362382.0168064,56108.729516661,4.9,0.8,651.02,3.887,1
1791362382.227748,56108.940456672,570.3,64.1,651.03,3.887,1
1791362382.4283957,56109.14110455,646.5,100.0,651.03,3.887,1
1791362382.6295514,56109.34226145,32.4,54.5,651.03,3.887,1
1791362382.8316977,56109.544407772,0.0,0.0,651.03,3.887,1
1791362383.0344691,56109.747180389,5.0,0.0,651.03,3.887,1
1791362383.2357244,56109.948434112,0.0,0.0,651.03,3.887,1
1791362383.4389427,56110.151653081,0.0,0.8,651.03,3.887,1
1791362383.6406667,56110.353375286,0.0,0.4,651.03,3.887,1
1791362383.8425646,56110.555273922,5.0,0.0,651.03,3.887,1
1791362384.0430706,56110.755779026,0.0,3.7,651.04,3.887,1
1791362384.24376,56110.956468693,607.3,75.7,651.04,3.887,1
1791362384.4478278,56111.160536385,641.6,100.0,651.04,3.887,1
1791362384.6495748,56111.362286217,0.0,53.5,651.05,3.887,1
1791362384.8525527,56111.565262668,0.0,0.0,651.05,3.887,1
1791362385.0533552,56111.76606421,5.0,0.0,651.05,3.887,1
1791362385.2542038,56111.96691259,0.0,0.0,651.05,3.887,1
1791362385.455905,56112.168614793,0.0,0.0,651.05,3.887,1
1791362385.6576757,56112.370385959,0.0,0.4,651.05,3.887,1
1791362385.8586838,56112.571393204,0.0,0.0,651.05,3.887,1
1791362386.0592062,56112.771914754,0.0,0.0,651.05,3.887,1
1791362386.2608345,56112.973543817,0.0,2.9,651.05,3.888,1
1791362386.4623475,56113.17505724,5.0,1.2,651.05,3.888,1
1791362386.6630108,56113.375719779,0.0,8.0,651.05,3.888,1
1791362386.8688726,56113.581581255,638.3,89.2,651.06,3.888,1
1791362387.0693817,56113.782090258,667.7,100.0,651.06,3.888,1
1791362387.270533,56113.983242383,0.0,14.3,651.06,3.888,1
1791362387.4720201,56114.184729583,0.0,0.0,651.06,3.888,1
1791362387.6731453,56114.385854582,0.0,0.0,651.06,3.888,1
1791362387.8759475,56114.588658533,0.0,0.8,651.06,3.888,1
1791362388.0777948,56114.79050502,4.9,0.0,651.06,3.888,1
1791362388.2787771,56114.991486446,0.0,0.8,651.06,3.888,1
1791362388.4799175,56115.192626559,0.0,0.0,651.06,3.888,1
1791362388.6805108,56115.393219358,0.0,18.2,651.06,3.888,1
1791362388.884205,56115.596913842,631.3,96.3,651.06,3.888,1
1791362389.0885534,56115.801262071,674.1,100.0,651.06,3.888,1
1791362389.288994,56116.001702599,56.6,75.5,651.11,3.888,1
