bytes,design,duration_ms,iter,matches,n_nodes,paged,query
1406,rd,14.337874999910127,0,5,10,False,1tag
1406,rd,6.508836995635647,1,5,10,False,1tag
1406,rd,7.208737995824777,2,5,10,False,1tag
1406,rd,5.684669995389413,3,5,10,False,1tag
1406,rd,7.44592200499028,4,5,10,False,1tag
1406,rd,5.348619000869803,5,5,10,False,1tag
1406,rd,3.615091001847759,6,5,10,False,1tag
1406,rd,3.90143600088777,7,5,10,False,1tag
1406,rd,2.6998640023521148,8,5,10,False,1tag
1406,rd,1.825125997129362,9,5,10,False,1tag
1406,rd,1.573774999997113,10,5,10,False,1tag
1406,rd,1.626466000743676,11,5,10,False,1tag
1406,rd,1.4770549969398417,12,5,10,False,1tag
1406,rd,1.5812700003152713,13,5,10,False,1tag
1406,rd,1.7676529969321564,14,5,10,False,1tag
1406,rd,2.4066999976639636,15,5,10,False,1tag
1406,rd,1.4760179983568378,16,5,10,False,1tag
1406,rd,2.0071729959454387,17,5,10,False,1tag
1406,rd,1.594665998709388,18,5,10,False,1tag
1406,rd,1.2849900012952276,19,5,10,False,1tag
1406,rd,1.3934730013716035,20,5,10,False,1tag
1406,rd,1.5349009991041385,21,5,10,False,1tag
1406,rd,1.3041029960731976,22,5,10,False,1tag
1406,rd,2.55870699766092,23,5,10,False,1tag
1406,rd,3.317832997709047,24,5,10,False,1tag
1406,rd,1.8132320037693717,25,5,10,False,1tag
1406,rd,2.159612995455973,26,5,10,False,1tag
1406,rd,2.265103001263924,27,5,10,False,1tag
1406,rd,1.5352420014096424,28,5,10,False,1tag
1406,rd,1.5461539951502346,29,5,10,False,1tag
1438,rd,1.6314710010192357,0,5,10,True,1tag
1438,rd,2.3147210013121367,1,5,10,True,1tag
1438,rd,1.6762399973231368,2,5,10,True,1tag
1438,rd,1.8111530007445253,3,5,10,True,1tag
1438,rd,2.011339005548507,4,5,10,True,1tag
1438,rd,1.7729800019878894,5,5,10,True,1tag
1438,rd,1.3941650031483732,6,5,10,True,1tag
1438,rd,1.4900539972586557,7,5,10,True,1tag
1438,rd,1.3406700018094853,8,5,10,True,1tag
1438,rd,1.846054001362063,9,5,10,True,1tag
1438,rd,2.7709869973477907,10,5,10,True,1tag
1438,rd,1.7471769970143214,11,5,10,True,1tag
1438,rd,1.5530050004599616,12,5,10,True,1tag
1438,rd,2.7590579993557185,13,5,10,True,1tag
1438,rd,1.775019001797773,14,5,10,True,1tag
1438,rd,1.4045089992578141,15,5,10,True,1tag
1438,rd,1.4379650019691326,16,5,10,True,1tag
1438,rd,1.5806220035301521,17,5,10,True,1tag
1438,rd,1.8776430006255396,18,5,10,True,1tag
1438,rd,1.4852280000923201,19,5,10,True,1tag
1438,rd,1.5842260036151856,20,5,10,True,1tag
1438,rd,1.447028000256978,21,5,10,True,1tag
1438,rd,1.374968996969983,22,5,10,True,1tag
1438,rd,2.4347520011360757,23,5,10,True,1tag
1438,rd,2.583101006166544,24,5,10,True,1tag
1438,rd,1.7131319982581772,25,5,10,True,1tag
1438,rd,1.8944199982797727,26,5,10,True,1tag
1438,rd,1.7100249970098957,27,5,10,True,1tag
1438,rd,1.3312470036908053,28,5,10,True,1tag
1438,rd,1.34231400443241,29,5,10,True,1tag
60,rd,0.7271059948834591,0,0,10,False,2tag
60,rd,0.8465689970762469,1,0,10,False,2tag
60,rd,0.6799539987696335,2,0,10,False,2tag
60,rd,0.6201849973876961,3,0,10,False,2tag
60,rd,0.8392100062337704,4,0,10,False,2tag
60,rd,0.7807959991623648,5,0,10,False,2tag
60,rd,0.9248909991583787,6,0,10,False,2tag
60,rd,0.7016549934633076,7,0,10,False,2tag
60,rd,0.6232730011106469,8,0,10,False,2tag
60,rd,0.5933529973844998,9,0,10,False,2tag
60,rd,0.5859640004928224,10,0,10,False,2tag
60,rd,0.7479240011889488,11,0,10,False,2tag
60,rd,0.7655640001758002,12,0,10,False,2tag
60,rd,0.6826060052844696,13,0,10,False,2tag
60,rd,0.623574000201188,14,0,10,False,2tag
60,rd,0.6147150052129291,15,0,10,False,2tag
60,rd,0.5868299995199777,16,0,10,False,2tag
60,rd,0.7767080023768358,17,0,10,False,2tag
60,rd,1.0708299960242584,18,0,10,False,2tag
60,rd,0.7571249952889048,19,0,10,False,2tag
60,rd,0.6220540017238818,20,0,10,False,2tag
60,rd,0.6387060057022609,21,0,10,False,2tag
60,rd,0.6569899996975437,22,0,10,False,2tag
60,rd,0.6514350025099702,23,0,10,False,2tag
60,rd,0.63638600113336,24,0,10,False,2tag
60,rd,0.6370749979396351,25,0,10,False,2tag
60,rd,0.6177359973662533,26,0,10,False,2tag
60,rd,0.7368439983110875,27,0,10,False,2tag
60,rd,0.9249379945686087,28,0,10,False,2tag
60,rd,0.8621149972896092,29,0,10,False,2tag
76,rd,0.6949970047571696,0,0,10,True,2tag
76,rd,0.7814970012987033,1,0,10,True,2tag
76,rd,0.7238960024551488,2,0,10,True,2tag
76,rd,1.29237199871568,3,0,10,True,2tag
76,rd,1.0095420002471656,4,0,10,True,2tag
76,rd,0.6824540032539517,5,0,10,True,2tag
76,rd,0.6455300026573241,6,0,10,True,2tag
76,rd,0.6608149997191504,7,0,10,True,2tag
76,rd,1.033239001117181,8,0,10,True,2tag
76,rd,0.7256160024553537,9,0,10,True,2tag
76,rd,0.6662380037596449,10,0,10,True,2tag
76,rd,0.6093859992688522,11,0,10,True,2tag
76,rd,0.700603995937854,12,0,10,True,2tag
76,rd,0.6298699954641052,13,0,10,True,2tag
76,rd,0.877073995070532,14,0,10,True,2tag
76,rd,0.6299660017248243,15,0,10,True,2tag
76,rd,0.7558389988844283,16,0,10,True,2tag
76,rd,0.6397679971996695,17,0,10,True,2tag
76,rd,0.6650790019193664,18,0,10,True,2tag
76,rd,0.7985560005181469,19,0,10,True,2tag
76,rd,0.7030889973975718,20,0,10,True,2tag
76,rd,0.6575679944944568,21,0,10,True,2tag
76,rd,0.6338629973470233,22,0,10,True,2tag
76,rd,0.9211979995598085,23,0,10,True,2tag
76,rd,0.7645970035810024,24,0,10,True,2tag
76,rd,0.7095309993019328,25,0,10,True,2tag
76,rd,0.621260995103512,26,0,10,True,2tag
76,rd,0.8149749992298894,27,0,10,True,2tag
76,rd,0.6563400020240806,28,0,10,True,2tag
76,rd,0.7127450007828884,29,0,10,True,2tag
75,rd,0.6598760010092519,0,0,10,False,3tag
75,rd,0.6441200021072291,1,0,10,False,3tag
75,rd,0.6286360003286973,2,0,10,False,3tag
75,rd,0.6236080007511191,3,0,10,False,3tag
75,rd,0.9253219977836125,4,0,10,False,3tag
75,rd,0.7029129992588423,5,0,10,False,3tag
75,rd,0.6771949992980808,6,0,10,False,3tag
75,rd,0.6359179969877005,7,0,10,False,3tag
75,rd,0.606771995080635,8,0,10,False,3tag
75,rd,0.5841609963681549,9,0,10,False,3tag
75,rd,0.6675189943052828,10,0,10,False,3tag
75,rd,0.684745995386038,11,0,10,False,3tag
75,rd,0.8158479977282695,12,0,10,False,3tag
75,rd,0.777430999733042,13,0,10,False,3tag
75,rd,0.7520500003010966,14,0,10,False,3tag
75,rd,2.108988002873957,15,0,10,False,3tag
75,rd,1.7605820030439645,16,0,10,False,3tag
75,rd,1.3433119966066442,17,0,10,False,3tag
75,rd,0.8402419989579357,18,0,10,False,3tag
75,rd,0.7584420018247329,19,0,10,False,3tag
75,rd,0.6539859969052486,20,0,10,False,3tag
75,rd,0.6398670011549257,21,0,10,False,3tag
75,rd,0.6054789992049336,22,0,10,False,3tag
75,rd,0.7056419999571517,23,0,10,False,3tag
75,rd,0.6874850005260669,24,0,10,False,3tag
75,rd,0.7965229960973375,25,0,10,False,3tag
75,rd,0.6986299995332956,26,0,10,False,3tag
75,rd,0.7186400034697726,27,0,10,False,3tag
75,rd,0.6464560065069236,28,0,10,False,3tag
75,rd,0.6674140022369102,29,0,10,False,3tag
91,rd,0.8473690031678416,0,0,10,True,3tag
91,rd,0.8121950013446622,1,0,10,True,3tag
91,rd,0.8930960029829293,2,0,10,True,3tag
91,rd,0.8144360035657883,3,0,10,True,3tag
91,rd,0.8991700015030801,4,0,10,True,3tag
91,rd,0.8499799951096065,5,0,10,True,3tag
91,rd,0.6698130018776283,6,0,10,True,3tag
91,rd,0.748637001379393,7,0,10,True,3tag
91,rd,0.6820639973739162,8,0,10,True,3tag
91,rd,0.7426320007652976,9,0,10,True,3tag
91,rd,0.8507739985361695,10,0,10,True,3tag
91,rd,0.650267000310123,11,0,10,True,3tag
91,rd,0.6541929978993721,12,0,10,True,3tag
91,rd,0.7105920012691058,13,0,10,True,3tag
91,rd,0.6137949967524037,14,0,10,True,3tag
91,rd,0.6268559955060482,15,0,10,True,3tag
91,rd,0.6759730022167787,16,0,10,True,3tag
91,rd,0.6178980038384907,17,0,10,True,3tag
91,rd,0.6055089979781769,18,0,10,True,3tag
91,rd,0.6385489978129044,19,0,10,True,3tag
91,rd,0.624463995336555,20,0,10,True,3tag
91,rd,0.6373479991452768,21,0,10,True,3tag
91,rd,1.0691370043787174,22,0,10,True,3tag
91,rd,1.9085960011580028,23,0,10,True,3tag
91,rd,0.9205149981426075,24,0,10,True,3tag
91,rd,0.6863090020488016,25,0,10,True,3tag
91,rd,1.3198369997553527,26,0,10,True,3tag
91,rd,0.6545340002048761,27,0,10,True,3tag
91,rd,0.6802410061936826,28,0,10,True,3tag
91,rd,0.6461610028054565,29,0,10,True,3tag
5803,probe,19.22594000643585,0,5,10,False,1tag
5803,probe,15.133965003769845,1,5,10,False,1tag
5803,probe,39.891609994811006,2,5,10,False,1tag
5803,probe,40.31762699742103,3,5,10,False,1tag
5803,probe,17.427146005502436,4,5,10,False,1tag
5803,probe,12.502087003667839,5,5,10,False,1tag
5803,probe,9.69999600056326,6,5,10,False,1tag
5803,probe,12.954148005519528,7,5,10,False,1tag
5803,probe,14.993229000538122,8,5,10,False,1tag
5803,probe,51.837555001839064,9,5,10,False,1tag
4544,probe,14.391684999282006,0,0,10,False,2tag
4544,probe,12.252247004653327,1,0,10,False,2tag
4544,probe,18.778088000544813,2,0,10,False,2tag
4544,probe,13.595228003396187,3,0,10,False,2tag
4544,probe,11.580200000025798,4,0,10,False,2tag
4544,probe,16.08927099732682,5,0,10,False,2tag
4544,probe,6.880364002427086,6,0,10,False,2tag
4544,probe,12.532639004348312,7,0,10,False,2tag
4544,probe,8.695873002579901,8,0,10,False,2tag
4544,probe,11.212897996301763,9,0,10,False,2tag
4544,probe,6.800970993936062,0,0,10,False,3tag
4544,probe,18.115184000635054,1,0,10,False,3tag
4544,probe,28.669409002759494,2,0,10,False,3tag
4544,probe,9.074444998987019,3,0,10,False,3tag
4544,probe,12.784032995114103,4,0,10,False,3tag
4544,probe,18.662217997189146,5,0,10,False,3tag
4544,probe,13.240809996204916,6,0,10,False,3tag
4544,probe,17.137424998509232,7,0,10,False,3tag
4544,probe,27.871186000993475,8,0,10,False,3tag
4544,probe,29.98879899678286,9,0,10,False,3tag
13720,rd,18.47355000063544,0,50,100,False,1tag
13720,rd,24.299503995280247,1,50,100,False,1tag
13720,rd,22.51830000022892,2,50,100,False,1tag
13720,rd,15.377630006696563,3,50,100,False,1tag
13720,rd,13.998877999256365,4,50,100,False,1tag
13720,rd,14.672896999400109,5,50,100,False,1tag
13720,rd,17.337897996185347,6,50,100,False,1tag
13720,rd,20.53534500009846,7,50,100,False,1tag
13720,rd,12.73993200447876,8,50,100,False,1tag
13720,rd,18.115992003004067,9,50,100,False,1tag
13720,rd,19.359092999366112,10,50,100,False,1tag
13720,rd,18.870653002522886,11,50,100,False,1tag
13720,rd,16.706444999726955,12,50,100,False,1tag
13720,rd,18.388906995824073,13,50,100,False,1tag
13720,rd,15.53878300182987,14,50,100,False,1tag
13720,rd,11.154166000778787,15,50,100,False,1tag
13720,rd,12.73996500094654,16,50,100,False,1tag
13720,rd,24.197589002142195,17,50,100,False,1tag
13720,rd,13.289604998135474,18,50,100,False,1tag
13720,rd,9.90398300200468,19,50,100,False,1tag
13720,rd,11.232042001211084,20,50,100,False,1tag
13720,rd,11.63630199880572,21,50,100,False,1tag
13720,rd,11.320962999889161,22,50,100,False,1tag
13720,rd,10.964695997245144,23,50,100,False,1tag
13720,rd,11.005803004081827,24,50,100,False,1tag
13720,rd,11.021641999832354,25,50,100,False,1tag
13720,rd,12.877713998022955,26,50,100,False,1tag
13720,rd,10.480942997673992,27,50,100,False,1tag
13720,rd,11.233383003855124,28,50,100,False,1tag
13720,rd,11.961164993408602,29,50,100,False,1tag
13928,rd,12.073623998730909,0,50,100,True,1tag
13928,rd,11.491982004372403,1,50,100,True,1tag
13928,rd,12.25902300211601,2,50,100,True,1tag
13928,rd,10.861378999834415,3,50,100,True,1tag
13928,rd,12.381034001009539,4,50,100,True,1tag
13928,rd,14.334361003420781,5,50,100,True,1tag
13928,rd,23.808758000086527,6,50,100,True,1tag
13928,rd,10.678867001843173,7,50,100,True,1tag
13928,rd,11.340526005369611,8,50,100,True,1tag
13928,rd,11.269307004113216,9,50,100,True,1tag
13928,rd,11.8724670028314,10,50,100,True,1tag
13928,rd,12.09252799890237,11,50,100,True,1tag
13928,rd,11.577218996535521,12,50,100,True,1tag
13928,rd,11.011322996637318,13,50,100,True,1tag
13928,rd,14.007562996994238,14,50,100,True,1tag
13928,rd,12.20134699542541,15,50,100,True,1tag
13928,rd,11.875784999574535,16,50,100,True,1tag
13928,rd,12.246271006006282,17,50,100,True,1tag
13928,rd,10.9927500016056,18,50,100,True,1tag
13928,rd,13.317016004293691,19,50,100,True,1tag
13928,rd,11.757006999687292,20,50,100,True,1tag
13928,rd,11.99476000329014,21,50,100,True,1tag
13928,rd,11.457875996711664,22,50,100,True,1tag
13928,rd,10.781710996525362,23,50,100,True,1tag
13928,rd,13.085317004879471,24,50,100,True,1tag
13928,rd,13.918452998041175,25,50,100,True,1tag
13928,rd,10.566441000264604,26,50,100,True,1tag
13928,rd,12.897414999315515,27,50,100,True,1tag
13928,rd,11.558530997717753,28,50,100,True,1tag
13928,rd,12.719013000605628,29,50,100,True,1tag
568,rd,1.3549080031225458,0,2,100,False,2tag
568,rd,1.8237269978271797,1,2,100,False,2tag
568,rd,1.5673270027036779,2,2,100,False,2tag
568,rd,1.69810900115408,3,2,100,False,2tag
568,rd,1.22965299669886,4,2,100,False,2tag
568,rd,1.3668120009242557,5,2,100,False,2tag
568,rd,1.6709730043658055,6,2,100,False,2tag
568,rd,1.3211039986344986,7,2,100,False,2tag
568,rd,1.6040409973356873,8,2,100,False,2tag
568,rd,1.4187180058797821,9,2,100,False,2tag
568,rd,1.2573109997902066,10,2,100,False,2tag
568,rd,1.6618959998595528,11,2,100,False,2tag
568,rd,1.8126489958376624,12,2,100,False,2tag
568,rd,2.0025299963890575,13,2,100,False,2tag
568,rd,1.6552390006836504,14,2,100,False,2tag
568,rd,1.6374219994759187,15,2,100,False,2tag
568,rd,1.6564639954594895,16,2,100,False,2tag
568,rd,1.529452005343046,17,2,100,False,2tag
568,rd,1.5672369991079904,18,2,100,False,2tag
568,rd,1.6653739949106239,19,2,100,False,2tag
568,rd,1.7155589957837947,20,2,100,False,2tag
568,rd,1.9994519971078262,21,2,100,False,2tag
568,rd,2.5955849996535107,22,2,100,False,2tag
568,rd,1.5996769943740219,23,2,100,False,2tag
568,rd,1.9286340029793791,24,2,100,False,2tag
568,rd,1.5722289972472936,25,2,100,False,2tag
568,rd,1.984927999728825,26,2,100,False,2tag
568,rd,1.505369000369683,27,2,100,False,2tag
568,rd,2.0124660004512407,28,2,100,False,2tag
568,rd,1.649837999138981,29,2,100,False,2tag
584,rd,1.1472480036900379,0,2,100,True,2tag
584,rd,1.2162529965280555,1,2,100,True,2tag
584,rd,1.211509996210225,2,2,100,True,2tag
584,rd,1.2038900022162125,3,2,100,True,2tag
584,rd,1.285057995119132,4,2,100,True,2tag
584,rd,1.0841200055438094,5,2,100,True,2tag
584,rd,1.2011120052193291,6,2,100,True,2tag
584,rd,1.207293003972154,7,2,100,True,2tag
584,rd,1.0691429997677915,8,2,100,True,2tag
584,rd,1.2094990015611984,9,2,100,True,2tag
584,rd,1.700364999123849,10,2,100,True,2tag
584,rd,1.2949709998792969,11,2,100,True,2tag
584,rd,1.4037399960216135,12,2,100,True,2tag
584,rd,1.1912920017493889,13,2,100,True,2tag
584,rd,1.1143749943585135,14,2,100,True,2tag
584,rd,1.3483560032909736,15,2,100,True,2tag
584,rd,1.7196420012624003,16,2,100,True,2tag
584,rd,1.6246409941231832,17,2,100,True,2tag
584,rd,1.726517002680339,18,2,100,True,2tag
584,rd,1.5718999929958954,19,2,100,True,2tag
584,rd,1.9084110026597045,20,2,100,True,2tag
584,rd,1.575306996528525,21,2,100,True,2tag
584,rd,2.0309339961386286,22,2,100,True,2tag
584,rd,1.622611001948826,23,2,100,True,2tag
584,rd,1.8646840035216883,24,2,100,True,2tag
584,rd,1.7891789975692518,25,2,100,True,2tag
584,rd,1.6020010007196106,26,2,100,True,2tag
584,rd,1.8062320013996214,27,2,100,True,2tag
584,rd,2.5273119972553104,28,2,100,True,2tag
584,rd,1.2438440026016906,29,2,100,True,2tag
336,rd,1.2410279960022308,0,1,100,False,3tag
336,rd,1.2486220002756454,1,1,100,False,3tag
336,rd,1.3856770019629039,2,1,100,False,3tag
336,rd,1.3794920014333911,3,1,100,False,3tag
336,rd,1.6786909982329234,4,1,100,False,3tag
336,rd,2.0329780018073507,5,1,100,False,3tag
336,rd,1.9239620014559478,6,1,100,False,3tag
336,rd,1.9151630040141754,7,1,100,False,3tag
336,rd,1.4069379976717755,8,1,100,False,3tag
336,rd,1.7869489965960383,9,1,100,False,3tag
336,rd,2.2540970021509565,10,1,100,False,3tag
336,rd,1.979893000680022,11,1,100,False,3tag
336,rd,1.9347240013303235,12,1,100,False,3tag
336,rd,2.146169004845433,13,1,100,False,3tag
336,rd,1.8880030038417317,14,1,100,False,3tag
336,rd,1.3529419957194477,15,1,100,False,3tag
336,rd,1.3109110004734248,16,1,100,False,3tag
336,rd,2.286956994794309,17,1,100,False,3tag
336,rd,2.0667809949372895,18,1,100,False,3tag
336,rd,1.2623840011656284,19,1,100,False,3tag
336,rd,1.7577499966137111,20,1,100,False,3tag
336,rd,2.0997249957872555,21,1,100,False,3tag
336,rd,2.3585400049341843,22,1,100,False,3tag
336,rd,1.3519770000129938,23,1,100,False,3tag
336,rd,1.3872389972675592,24,1,100,False,3tag
336,rd,1.4049899982637726,25,1,100,False,3tag
336,rd,1.1819789942819625,26,1,100,False,3tag
336,rd,1.3138729991624132,27,1,100,False,3tag
336,rd,1.0304530005669221,28,1,100,False,3tag
336,rd,1.2028150013065897,29,1,100,False,3tag
352,rd,2.1608739989460446,0,1,100,True,3tag
352,rd,2.2771250005462207,1,1,100,True,3tag
352,rd,2.1980890014674515,2,1,100,True,3tag
352,rd,1.8225820022053085,3,1,100,True,3tag
352,rd,1.3492350044543855,4,1,100,True,3tag
352,rd,1.2975360004929826,5,1,100,True,3tag
352,rd,1.6656589941703714,6,1,100,True,3tag
352,rd,1.5371739937108941,7,1,100,True,3tag
352,rd,1.478758997109253,8,1,100,True,3tag
352,rd,1.8618860049173236,9,1,100,True,3tag
352,rd,1.8172420022892766,10,1,100,True,3tag
352,rd,1.6716930040274747,11,1,100,True,3tag
352,rd,1.9702409990713932,12,1,100,True,3tag
352,rd,1.647436998609919,13,1,100,True,3tag
352,rd,1.2726160057354718,14,1,100,True,3tag
352,rd,1.2283399992156774,15,1,100,True,3tag
352,rd,1.0325859984732233,16,1,100,True,3tag
352,rd,1.3873709976905957,17,1,100,True,3tag
352,rd,1.4354900049511343,18,1,100,True,3tag
352,rd,1.1202960013179109,19,1,100,True,3tag
352,rd,1.7227799980901182,20,1,100,True,3tag
352,rd,1.8000220006797463,21,1,100,True,3tag
352,rd,1.5470420039491728,22,1,100,True,3tag
352,rd,1.1528879986144602,23,1,100,True,3tag
352,rd,0.9240690051228739,24,1,100,True,3tag
352,rd,1.023166005325038,25,1,100,True,3tag
352,rd,1.0263969961670227,26,1,100,True,3tag
352,rd,1.1663580007734708,27,1,100,True,3tag
352,rd,1.4119449988356791,28,1,100,True,3tag
352,rd,1.326006000454072,29,1,100,True,3tag
58307,probe,89.73502399749123,0,50,100,False,1tag
58307,probe,80.66499499545898,1,50,100,False,1tag
58307,probe,107.72392299986677,2,50,100,False,1tag
58307,probe,120.61215400171932,3,50,100,False,1tag
58307,probe,102.22324899950763,4,50,100,False,1tag
58307,probe,72.89042699994752,5,50,100,False,1tag
58307,probe,99.13306000089506,6,50,100,False,1tag
58307,probe,98.3764600023278,7,50,100,False,1tag
58307,probe,95.24012500332901,8,50,100,False,1tag
58307,probe,93.47100299783051,9,50,100,False,1tag
46180,probe,59.197522001340985,0,2,100,False,2tag
46180,probe,56.76054200012004,1,2,100,False,2tag
46180,probe,61.575564002851024,2,2,100,False,2tag
46180,probe,64.54799300263403,3,2,100,False,2tag
46180,probe,65.37015300273197,4,2,100,False,2tag
46180,probe,77.49612200132105,5,2,100,False,2tag
46180,probe,55.68622799910372,6,2,100,False,2tag
46180,probe,59.60253999364795,7,2,100,False,2tag
46180,probe,72.41110500035575,8,2,100,False,2tag
46180,probe,64.55026600451674,9,2,100,False,2tag
45927,probe,77.33494199783308,0,1,100,False,3tag
45927,probe,67.00318000366678,1,1,100,False,3tag
45927,probe,53.57412400189787,2,1,100,False,3tag
45927,probe,60.4923030041391,3,1,100,False,3tag
45927,probe,63.60736900387565,4,1,100,False,3tag
45927,probe,49.77423999662278,5,1,100,False,3tag
45927,probe,63.800274998357054,6,1,100,False,3tag
45927,probe,47.485461000178475,7,1,100,False,3tag
45927,probe,51.4316670014523,8,1,100,False,3tag
45927,probe,49.12421100016218,9,1,100,False,3tag
68857,rd,51.14316300023347,0,250,500,False,1tag
68857,rd,56.550029999925755,1,250,500,False,1tag
68857,rd,44.07018799975049,2,250,500,False,1tag
68857,rd,52.37318800209323,3,250,500,False,1tag
68857,rd,43.31581300357357,4,250,500,False,1tag
68857,rd,35.94184199755546,5,250,500,False,1tag
68857,rd,41.18139799538767,6,250,500,False,1tag
68857,rd,40.77155799313914,7,250,500,False,1tag
68857,rd,39.825328000006266,8,250,500,False,1tag
68857,rd,65.19897600082913,9,250,500,False,1tag
68857,rd,44.53498499788111,10,250,500,False,1tag
68857,rd,48.00308799894992,11,250,500,False,1tag
68857,rd,45.650000996829476,12,250,500,False,1tag
68857,rd,40.677594995941035,13,250,500,False,1tag
68857,rd,37.97554800257785,14,250,500,False,1tag
68857,rd,41.996234001999255,15,250,500,False,1tag
68857,rd,50.29148000176065,16,250,500,False,1tag
68857,rd,46.68501600099262,17,250,500,False,1tag
68857,rd,46.27151799650164,18,250,500,False,1tag
68857,rd,44.03709100006381,19,250,500,False,1tag
68857,rd,40.88658399996348,20,250,500,False,1tag
68857,rd,37.909224003669806,21,250,500,False,1tag
68857,rd,41.65987699525431,22,250,500,False,1tag
68857,rd,37.54987100546714,23,250,500,False,1tag
68857,rd,40.32884500338696,24,250,500,False,1tag
68857,rd,42.7978619991336,25,250,500,False,1tag
68857,rd,48.63163299887674,26,250,500,False,1tag
68857,rd,60.04116200347198,27,250,500,False,1tag
68857,rd,44.454313996538986,28,250,500,False,1tag
68857,rd,44.23913700156845,29,250,500,False,1tag
13928,rd,8.907186005671974,0,50,500,True,1tag
13928,rd,14.364065005793236,1,50,500,True,1tag
13928,rd,10.311286001524422,2,50,500,True,1tag
13928,rd,10.046001996670384,3,50,500,True,1tag
13928,rd,8.610479002527427,4,50,500,True,1tag
13928,rd,11.255954996158835,5,50,500,True,1tag
13928,rd,8.64497599832248,6,50,500,True,1tag
13928,rd,8.853290004481096,7,50,500,True,1tag
13928,rd,8.589054996264167,8,50,500,True,1tag
13928,rd,8.740535995457321,9,50,500,True,1tag
13928,rd,7.985217998793814,10,50,500,True,1tag
13928,rd,8.74542999372352,11,50,500,True,1tag
13928,rd,9.488023002631962,12,50,500,True,1tag
13928,rd,9.299197001382709,13,50,500,True,1tag
13928,rd,8.436378004262224,14,50,500,True,1tag
13928,rd,10.366471004090272,15,50,500,True,1tag
13928,rd,8.911521996196825,16,50,500,True,1tag
13928,rd,7.92628600174794,17,50,500,True,1tag
13928,rd,9.328214000561275,18,50,500,True,1tag
13928,rd,7.9727320044185035,19,50,500,True,1tag
13928,rd,9.014153001771774,20,50,500,True,1tag
13928,rd,8.92363399907481,21,50,500,True,1tag
13928,rd,11.16369100054726,22,50,500,True,1tag
13928,rd,9.540979001030792,23,50,500,True,1tag
13928,rd,8.30845699965721,24,50,500,True,1tag
13928,rd,10.191749002842698,25,50,500,True,1tag
13928,rd,8.250245999079198,26,50,500,True,1tag
13928,rd,12.124954999308102,27,50,500,True,1tag
13928,rd,9.906562001560815,28,50,500,True,1tag
13928,rd,8.732618000067305,29,50,500,True,1tag
6078,rd,4.63118999323342,0,22,500,False,2tag
6078,rd,4.357022000476718,1,22,500,False,2tag
6078,rd,4.734838003059849,2,22,500,False,2tag
6078,rd,4.636525998648722,3,22,500,False,2tag
6078,rd,4.2500189956626855,4,22,500,False,2tag
6078,rd,4.201898002065718,5,22,500,False,2tag
6078,rd,4.306677998101804,6,22,500,False,2tag
6078,rd,5.463102999783587,7,22,500,False,2tag
6078,rd,5.057852002209984,8,22,500,False,2tag
6078,rd,4.103229999600444,9,22,500,False,2tag
6078,rd,5.46849499369273,10,22,500,False,2tag
6078,rd,4.30020200292347,11,22,500,False,2tag
6078,rd,4.171551001491025,12,22,500,False,2tag
6078,rd,5.995423001877498,13,22,500,False,2tag
6078,rd,7.510276998800691,14,22,500,False,2tag
6078,rd,11.19273900258122,15,22,500,False,2tag
6078,rd,10.598704997391906,16,22,500,False,2tag
6078,rd,6.930524999916088,17,22,500,False,2tag
6078,rd,5.51303200336406,18,22,500,False,2tag
6078,rd,5.699841000023298,19,22,500,False,2tag
6078,rd,5.818853001983371,20,22,500,False,2tag
6078,rd,5.4865329948370345,21,22,500,False,2tag
6078,rd,11.968760001764167,22,22,500,False,2tag
6078,rd,9.75286200264236,23,22,500,False,2tag
6078,rd,11.522615001013037,24,22,500,False,2tag
6078,rd,7.518128004448954,25,22,500,False,2tag
6078,rd,10.20252300077118,26,22,500,False,2tag
6078,rd,11.804237001342699,27,22,500,False,2tag
6078,rd,7.955064000270795,28,22,500,False,2tag
6078,rd,9.27635699918028,29,22,500,False,2tag
6174,rd,7.843423998565413,0,22,500,True,2tag
6174,rd,7.556161996035371,1,22,500,True,2tag
6174,rd,12.850207000155933,2,22,500,True,2tag
6174,rd,11.138813002617098,3,22,500,True,2tag
6174,rd,12.672062002820894,4,22,500,True,2tag
6174,rd,7.460647000698373,5,22,500,True,2tag
6174,rd,6.635698002355639,6,22,500,True,2tag
6174,rd,4.769717997987755,7,22,500,True,2tag
6174,rd,4.835264997382183,8,22,500,True,2tag
6174,rd,4.550816003757063,9,22,500,True,2tag
6174,rd,4.200545001367573,10,22,500,True,2tag
6174,rd,5.720604996895418,11,22,500,True,2tag
6174,rd,4.66976199822966,12,22,500,True,2tag
6174,rd,4.278189000615384,13,22,500,True,2tag
6174,rd,5.278388998704031,14,22,500,True,2tag
6174,rd,4.900020998320542,15,22,500,True,2tag
6174,rd,4.35822600411484,16,22,500,True,2tag
6174,rd,6.11746399954427,17,22,500,True,2tag
6174,rd,6.094488002418075,18,22,500,True,2tag
6174,rd,4.311866003263276,19,22,500,True,2tag
6174,rd,5.804501000966411,20,22,500,True,2tag
6174,rd,5.431951001810376,21,22,500,True,2tag
6174,rd,4.372518997115549,22,22,500,True,2tag
6174,rd,4.793175001395866,23,22,500,True,2tag
6174,rd,4.589386997395195,24,22,500,True,2tag
6174,rd,4.387718996440526,25,22,500,True,2tag
6174,rd,12.82096700015245,26,22,500,True,2tag
6174,rd,4.6546129960916005,27,22,500,True,2tag
6174,rd,4.1318790026707575,28,22,500,True,2tag
6174,rd,4.678335004427936,29,22,500,True,2tag
1203,rd,1.2563810014398769,0,4,500,False,3tag
1203,rd,1.0537429989199154,1,4,500,False,3tag
1203,rd,1.0028729957411997,2,4,500,False,3tag
1203,rd,0.9529930030112155,3,4,500,False,3tag
1203,rd,1.0122120002051815,4,4,500,False,3tag
1203,rd,1.2603600043803453,5,4,500,False,3tag
1203,rd,1.1823829991044477,6,4,500,False,3tag
1203,rd,1.0907920004683547,7,4,500,False,3tag
1203,rd,0.9913130052154884,8,4,500,False,3tag
1203,rd,0.9117070003412664,9,4,500,False,3tag
1203,rd,1.05557800270617,10,4,500,False,3tag
1203,rd,0.9349990068585612,11,4,500,False,3tag
1203,rd,0.8818409987725317,12,4,500,False,3tag
1203,rd,0.8504249999532476,13,4,500,False,3tag
1203,rd,0.9723890034365468,14,4,500,False,3tag
1203,rd,1.0682770007406361,15,4,500,False,3tag
1203,rd,0.9872559967334382,16,4,500,False,3tag
1203,rd,0.9207120019709691,17,4,500,False,3tag
1203,rd,0.9898339994833805,18,4,500,False,3tag
1203,rd,0.965710001764819,19,4,500,False,3tag
1203,rd,0.9921759992721491,20,4,500,False,3tag
1203,rd,0.8985579988802783,21,4,500,False,3tag
1203,rd,1.0400489991297945,22,4,500,False,3tag
1203,rd,0.971730005403515,23,4,500,False,3tag
1203,rd,0.8846569980960339,24,4,500,False,3tag
1203,rd,0.8942850035964511,25,4,500,False,3tag
1203,rd,0.9116910005104728,26,4,500,False,3tag
1203,rd,0.8615469996584579,27,4,500,False,3tag
1203,rd,0.9343849960714579,28,4,500,False,3tag
1203,rd,0.9002000006148592,29,4,500,False,3tag
1235,rd,0.8234969936893322,0,4,500,True,3tag
1235,rd,0.9127489975071512,1,4,500,True,3tag
1235,rd,0.9558079982525669,2,4,500,True,3tag
1235,rd,1.0470660054124892,3,4,500,True,3tag
1235,rd,0.8740229968680069,4,4,500,True,3tag
1235,rd,1.1401839947211556,5,4,500,True,3tag
1235,rd,1.105451003240887,6,4,500,True,3tag
1235,rd,1.0806860009324737,7,4,500,True,3tag
1235,rd,0.8557059991289862,8,4,500,True,3tag
1235,rd,0.8934670040616766,9,4,500,True,3tag
1235,rd,0.7866439991630614,10,4,500,True,3tag
1235,rd,0.793024999438785,11,4,500,True,3tag
1235,rd,0.8097890022327192,12,4,500,True,3tag
1235,rd,0.7867899985285476,13,4,500,True,3tag
1235,rd,0.8468370069749653,14,4,500,True,3tag
1235,rd,0.8980369966593571,15,4,500,True,3tag
1235,rd,0.7708339981036261,16,4,500,True,3tag
1235,rd,1.0015070001827553,17,4,500,True,3tag
1235,rd,0.8494869980495423,18,4,500,True,3tag
1235,rd,1.287150000280235,19,4,500,True,3tag
1235,rd,0.9273460018448532,20,4,500,True,3tag
1235,rd,1.2036500047543086,21,4,500,True,3tag
1235,rd,1.7489649981143884,22,4,500,True,3tag
1235,rd,1.0535170004004613,23,4,500,True,3tag
1235,rd,0.8853599938447587,24,4,500,True,3tag
1235,rd,0.8244670025305822,25,4,500,True,3tag
1235,rd,0.8598829954280518,26,4,500,True,3tag
1235,rd,0.8067220041994005,27,4,500,True,3tag
1235,rd,0.7641420015715994,28,4,500,True,3tag
1235,rd,0.978493997536134,29,4,500,True,3tag
291839,probe,474.8372869944433,0,250,500,False,1tag
291839,probe,432.0682780016796,1,250,500,False,1tag
291839,probe,579.5358320028754,2,250,500,False,1tag
291839,probe,1288.9527480001561,3,250,500,False,1tag
291839,probe,787.902923002548,4,250,500,False,1tag
291839,probe,647.9763299939805,5,250,500,False,1tag
291839,probe,605.2478990022792,6,250,500,False,1tag
291839,probe,569.2979809973622,7,250,500,False,1tag
291839,probe,475.30296899640234,8,250,500,False,1tag
291839,probe,536.45741299988,9,250,500,False,1tag
234084,probe,322.05824199627386,0,22,500,False,2tag
234084,probe,353.8729420033633,1,22,500,False,2tag
234084,probe,370.5863159993896,2,22,500,False,2tag
234084,probe,323.20933600567514,3,22,500,False,2tag
234084,probe,758.25788200018,4,22,500,False,2tag
234084,probe,401.3813530036714,5,22,500,False,2tag
234084,probe,416.12474400608335,6,22,500,False,2tag
234084,probe,413.3494519992382,7,22,500,False,2tag
234084,probe,355.46810700179776,8,22,500,False,2tag
234084,probe,379.26106300437823,9,22,500,False,2tag
229517,probe,335.9469679999165,0,4,500,False,3tag
229517,probe,347.3510650001117,1,4,500,False,3tag
229517,probe,335.3443489977508,2,4,500,False,3tag
229517,probe,341.818961998797,3,4,500,False,3tag
229517,probe,359.8016249961802,4,4,500,False,3tag
229517,probe,383.7419690025854,5,4,500,False,3tag
229517,probe,319.6290459964075,6,4,500,False,3tag
229517,probe,326.0038380030892,7,4,500,False,3tag
229517,probe,328.29373700224096,8,4,500,False,3tag
229517,probe,331.703251998988,9,4,500,False,3tag
137519,rd,91.24568900006125,0,500,1000,False,1tag
137519,rd,84.39176600222709,1,500,1000,False,1tag
137519,rd,74.72836599481525,2,500,1000,False,1tag
137519,rd,84.29706699826056,3,500,1000,False,1tag
137519,rd,176.50281399983214,4,500,1000,False,1tag
137519,rd,105.61552100261906,5,500,1000,False,1tag
137519,rd,88.11869400233263,6,500,1000,False,1tag
137519,rd,82.6153109956067,7,500,1000,False,1tag
137519,rd,72.34927799436264,8,500,1000,False,1tag
137519,rd,83.4508870029822,9,500,1000,False,1tag
137519,rd,142.3557919988525,10,500,1000,False,1tag
137519,rd,85.54978499887511,11,500,1000,False,1tag
137519,rd,77.9655940059456,12,500,1000,False,1tag
137519,rd,119.46460799663328,13,500,1000,False,1tag
137519,rd,94.43220599496271,14,500,1000,False,1tag
137519,rd,95.50013100670185,15,500,1000,False,1tag
137519,rd,83.79040800355142,16,500,1000,False,1tag
137519,rd,116.88026899355464,17,500,1000,False,1tag
137519,rd,88.72212899586884,18,500,1000,False,1tag
137519,rd,88.74295599525794,19,500,1000,False,1tag
137519,rd,123.99771600030363,20,500,1000,False,1tag
137519,rd,116.94021899893414,21,500,1000,False,1tag
137519,rd,134.3747520004399,22,500,1000,False,1tag
137519,rd,89.76405100111151,23,500,1000,False,1tag
137519,rd,85.19504700234393,24,500,1000,False,1tag
137519,rd,163.11232400039444,25,500,1000,False,1tag
137519,rd,95.26234099757858,26,500,1000,False,1tag
137519,rd,94.87297099985881,27,500,1000,False,1tag
137519,rd,118.39549599972088,28,500,1000,False,1tag
137519,rd,98.8963790005073,29,500,1000,False,1tag
13928,rd,14.76954899408156,0,50,1000,True,1tag
13928,rd,11.65704300365178,1,50,1000,True,1tag
13928,rd,8.945136003603693,2,50,1000,True,1tag
13928,rd,10.177669995755423,3,50,1000,True,1tag
13928,rd,9.193009995215107,4,50,1000,True,1tag
13928,rd,9.150869998848066,5,50,1000,True,1tag
13928,rd,10.212310997303575,6,50,1000,True,1tag
13928,rd,10.817081994900946,7,50,1000,True,1tag
13928,rd,9.761877998244017,8,50,1000,True,1tag
13928,rd,10.319431996322237,9,50,1000,True,1tag
13928,rd,9.9091119991499,10,50,1000,True,1tag
13928,rd,10.01721399370581,11,50,1000,True,1tag
13928,rd,14.331211001263,12,50,1000,True,1tag
13928,rd,11.413189000450075,13,50,1000,True,1tag
13928,rd,10.20638199406676,14,50,1000,True,1tag
13928,rd,10.377840997534804,15,50,1000,True,1tag
13928,rd,10.814949004270602,16,50,1000,True,1tag
13928,rd,11.627897001744714,17,50,1000,True,1tag
13928,rd,9.321362995251548,18,50,1000,True,1tag
13928,rd,10.805171994434204,19,50,1000,True,1tag
13928,rd,10.703152998758014,20,50,1000,True,1tag
13928,rd,10.675871999410447,21,50,1000,True,1tag
13928,rd,9.932113003742415,22,50,1000,True,1tag
13928,rd,13.442696996207815,23,50,1000,True,1tag
13928,rd,13.998975002323277,24,50,1000,True,1tag
13928,rd,11.088895000284538,25,50,1000,True,1tag
13928,rd,10.47350299631944,26,50,1000,True,1tag
13928,rd,11.211881996132433,27,50,1000,True,1tag
13928,rd,11.229024996282533,28,50,1000,True,1tag
13928,rd,10.312970996892545,29,50,1000,True,1tag
11819,rd,7.481232998543419,0,43,1000,False,2tag
11819,rd,7.52325399662368,1,43,1000,False,2tag
11819,rd,7.4080819977098145,2,43,1000,False,2tag
11819,rd,8.383068001421634,3,43,1000,False,2tag
11819,rd,47.44004600070184,4,43,1000,False,2tag
11819,rd,7.161981993704103,5,43,1000,False,2tag
11819,rd,7.22665099601727,6,43,1000,False,2tag
11819,rd,6.999321994953789,7,43,1000,False,2tag
11819,rd,10.211633998551406,8,43,1000,False,2tag
11819,rd,8.712618000572547,9,43,1000,False,2tag
11819,rd,6.9251439999789,10,43,1000,False,2tag
11819,rd,17.4743009993108,11,43,1000,False,2tag
11819,rd,11.622555000940338,12,43,1000,False,2tag
11819,rd,8.469906999380328,13,43,1000,False,2tag
11819,rd,8.093262003967538,14,43,1000,False,2tag
11819,rd,11.5659590010182,15,43,1000,False,2tag
11819,rd,7.63981699856231,16,43,1000,False,2tag
11819,rd,9.078996001335327,17,43,1000,False,2tag
11819,rd,8.187636005459353,18,43,1000,False,2tag
11819,rd,10.327117997803725,19,43,1000,False,2tag
11819,rd,8.715588999621104,20,43,1000,False,2tag
11819,rd,7.8852320002624765,21,43,1000,False,2tag
11819,rd,9.754686005180702,22,43,1000,False,2tag
11819,rd,8.815065004455391,23,43,1000,False,2tag
11819,rd,7.984627998666838,24,43,1000,False,2tag
11819,rd,9.291604997997638,25,43,1000,False,2tag
11819,rd,8.467569001368247,26,43,1000,False,2tag
11819,rd,10.68216300336644,27,43,1000,False,2tag
11819,rd,11.385808997147251,28,43,1000,False,2tag
11819,rd,8.34726700122701,29,43,1000,False,2tag
11995,rd,8.909732998290565,0,43,1000,True,2tag
11995,rd,9.025670995470136,1,43,1000,True,2tag
11995,rd,11.63950400223257,2,43,1000,True,2tag
11995,rd,9.218772996973712,3,43,1000,True,2tag
11995,rd,8.423451996350195,4,43,1000,True,2tag
11995,rd,10.362916997110005,5,43,1000,True,2tag
11995,rd,9.692070001619868,6,43,1000,True,2tag
11995,rd,10.38067799527198,7,43,1000,True,2tag
11995,rd,18.32775699585909,8,43,1000,True,2tag
11995,rd,8.227498998166993,9,43,1000,True,2tag
11995,rd,7.915629001217894,10,43,1000,True,2tag
11995,rd,7.740184999420308,11,43,1000,True,2tag
11995,rd,7.397706001938786,12,43,1000,True,2tag
11995,rd,7.301632998860441,13,43,1000,True,2tag
11995,rd,8.345861999259796,14,43,1000,True,2tag
11995,rd,7.6621409971266985,15,43,1000,True,2tag
11995,rd,7.875764000345953,16,43,1000,True,2tag
11995,rd,7.757418003166094,17,43,1000,True,2tag
11995,rd,8.564730997022707,18,43,1000,True,2tag
11995,rd,11.747302000003401,19,43,1000,True,2tag
11995,rd,9.05746000353247,20,43,1000,True,2tag
11995,rd,9.742683003423735,21,43,1000,True,2tag
11995,rd,9.429439996893052,22,43,1000,True,2tag
11995,rd,8.785939993686043,23,43,1000,True,2tag
11995,rd,11.230395000893623,24,43,1000,True,2tag
11995,rd,8.276414999272674,25,43,1000,True,2tag
11995,rd,9.230579998984467,26,43,1000,True,2tag
11995,rd,8.558980000088923,27,43,1000,True,2tag
11995,rd,7.754970996757038,28,43,1000,True,2tag
11995,rd,10.21875500009628,29,43,1000,True,2tag
3156,rd,3.721695000422187,0,11,1000,False,3tag
3156,rd,2.856738996342756,1,11,1000,False,3tag
3156,rd,2.571748998889234,2,11,1000,False,3tag
3156,rd,5.482587999722455,3,11,1000,False,3tag
3156,rd,3.2222719964920543,4,11,1000,False,3tag
3156,rd,3.1235969945555553,5,11,1000,False,3tag
3156,rd,3.127934003714472,6,11,1000,False,3tag
3156,rd,2.887957998609636,7,11,1000,False,3tag
3156,rd,4.3971299965051,8,11,1000,False,3tag
3156,rd,3.787712994380854,9,11,1000,False,3tag
3156,rd,3.0318069984787144,10,11,1000,False,3tag
3156,rd,2.5937830068869516,11,11,1000,False,3tag
3156,rd,3.5035820037592202,12,11,1000,False,3tag
3156,rd,4.508616002567578,13,11,1000,False,3tag
3156,rd,3.1339400011347607,14,11,1000,False,3tag
3156,rd,3.208925001672469,15,11,1000,False,3tag
3156,rd,3.0273260053945705,16,11,1000,False,3tag
3156,rd,3.8491860032081604,17,11,1000,False,3tag
3156,rd,2.7504710014909506,18,11,1000,False,3tag
3156,rd,2.573912002844736,19,11,1000,False,3tag
3156,rd,2.4276049953186885,20,11,1000,False,3tag
3156,rd,2.499597998394165,21,11,1000,False,3tag
3156,rd,4.681045000324957,22,11,1000,False,3tag
3156,rd,3.2038609933806583,23,11,1000,False,3tag
3156,rd,2.562159002991393,24,11,1000,False,3tag
3156,rd,2.596152997284662,25,11,1000,False,3tag
3156,rd,2.674356001080014,26,11,1000,False,3tag
3156,rd,4.298378000385128,27,11,1000,False,3tag
3156,rd,4.647259003832005,28,11,1000,False,3tag
3156,rd,3.2503670008736663,29,11,1000,False,3tag
3204,rd,3.3543310055392794,0,11,1000,True,3tag
3204,rd,2.9956010039313696,1,11,1000,True,3tag
3204,rd,3.361461996973958,2,11,1000,True,3tag
3204,rd,2.6563770006760024,3,11,1000,True,3tag
3204,rd,2.598813000076916,4,11,1000,True,3tag
3204,rd,2.6176059982390143,5,11,1000,True,3tag
3204,rd,2.89828100358136,6,11,1000,True,3tag
3204,rd,2.4408579993178137,7,11,1000,True,3tag
3204,rd,2.7940510044572875,8,11,1000,True,3tag
3204,rd,2.4937060006777756,9,11,1000,True,3tag
3204,rd,2.3048139992170036,10,11,1000,True,3tag
3204,rd,2.3111400005291216,11,11,1000,True,3tag
3204,rd,3.05969799956074,12,11,1000,True,3tag
3204,rd,2.5137250049738213,13,11,1000,True,3tag
3204,rd,2.2477759994217195,14,11,1000,True,3tag
3204,rd,4.118913006095681,15,11,1000,True,3tag
3204,rd,3.0842280029901303,16,11,1000,True,3tag
3204,rd,2.729986001213547,17,11,1000,True,3tag
3204,rd,2.5906920054694638,18,11,1000,True,3tag
3204,rd,2.4377580048167147,19,11,1000,True,3tag
3204,rd,3.2350190012948588,20,11,1000,True,3tag
3204,rd,2.506922995962668,21,11,1000,True,3tag
3204,rd,2.5460660035605542,22,11,1000,True,3tag
3204,rd,5.112598002597224,23,11,1000,True,3tag
3204,rd,5.9603910049190745,24,11,1000,True,3tag
3204,rd,3.6985309998271987,25,11,1000,True,3tag
3204,rd,3.2155520020751283,26,11,1000,True,3tag
3204,rd,2.492435000021942,27,11,1000,True,3tag
3204,rd,2.7661229978548363,28,11,1000,True,3tag
3204,rd,2.615160003188066,29,11,1000,True,3tag
583649,probe,978.8285590038868,0,500,1000,False,1tag
583649,probe,1025.9457669963012,1,500,1000,False,1tag
583649,probe,907.41441299906,2,500,1000,False,1tag
583649,probe,977.1496839966858,3,500,1000,False,1tag
583649,probe,1118.9861179955187,4,500,1000,False,1tag
583649,probe,900.3414640028495,5,500,1000,False,1tag
583649,probe,1025.1730230011162,6,500,1000,False,1tag
583649,probe,1010.8130799999344,7,500,1000,False,1tag
583649,probe,919.4160000042757,8,500,1000,False,1tag
583649,probe,877.5219559975085,9,500,1000,False,1tag
467899,probe,748.364582999784,0,43,1000,False,2tag
467899,probe,920.9353279948118,1,43,1000,False,2tag
467899,probe,1108.5598040008335,2,43,1000,False,2tag
467899,probe,832.2756850029691,3,43,1000,False,2tag
467899,probe,739.8356240009889,4,43,1000,False,2tag
467899,probe,809.5405040003243,5,43,1000,False,2tag
467899,probe,748.1429709951044,6,43,1000,False,2tag
467899,probe,689.0348690067185,7,43,1000,False,2tag
467899,probe,735.3003690004698,8,43,1000,False,2tag
467899,probe,641.549024003325,9,43,1000,False,2tag
459790,probe,831.4076820024638,0,11,1000,False,3tag
459790,probe,809.7074550023535,1,11,1000,False,3tag
459790,probe,621.9699349967414,2,11,1000,False,3tag
459790,probe,909.2932929997914,3,11,1000,False,3tag
459790,probe,738.3781200041994,4,11,1000,False,3tag
459790,probe,817.4956779985223,5,11,1000,False,3tag
459790,probe,771.7273410016787,6,11,1000,False,3tag
459790,probe,931.1510309998994,7,11,1000,False,3tag
459790,probe,782.1439280014602,8,11,1000,False,3tag
459790,probe,730.8051840009284,9,11,1000,False,3tag
275743,rd,169.48195199802285,0,1000,2000,False,1tag
275743,rd,171.06089099979727,1,1000,2000,False,1tag
275743,rd,190.85271099902457,2,1000,2000,False,1tag
275743,rd,207.19034100329736,3,1000,2000,False,1tag
275743,rd,197.48915700620273,4,1000,2000,False,1tag
275743,rd,247.6943419969757,5,1000,2000,False,1tag
275743,rd,180.86889500409598,6,1000,2000,False,1tag
275743,rd,158.20818999782205,7,1000,2000,False,1tag
275743,rd,215.57169099833118,8,1000,2000,False,1tag
275743,rd,162.39473300083773,9,1000,2000,False,1tag
275743,rd,188.46676099929027,10,1000,2000,False,1tag
275743,rd,181.09194499993464,11,1000,2000,False,1tag
275743,rd,193.92255199636566,12,1000,2000,False,1tag
275743,rd,337.5762180003221,13,1000,2000,False,1tag
275743,rd,481.0360510018654,14,1000,2000,False,1tag
275743,rd,398.7817340021138,15,1000,2000,False,1tag
275743,rd,235.25203399913153,16,1000,2000,False,1tag
275743,rd,157.02765999594703,17,1000,2000,False,1tag
275743,rd,164.87600799882784,18,1000,2000,False,1tag
275743,rd,152.07016599742929,19,1000,2000,False,1tag
275743,rd,252.527842996642,20,1000,2000,False,1tag
275743,rd,180.03320899879327,21,1000,2000,False,1tag
275743,rd,157.73750899825245,22,1000,2000,False,1tag
275743,rd,165.88786800275557,23,1000,2000,False,1tag
275743,rd,187.38876799761783,24,1000,2000,False,1tag
275743,rd,286.4365529967472,25,1000,2000,False,1tag
275743,rd,156.99868199590128,26,1000,2000,False,1tag
275743,rd,207.9472440018435,27,1000,2000,False,1tag
275743,rd,148.90595999895595,28,1000,2000,False,1tag
275743,rd,158.46967699326342,29,1000,2000,False,1tag
13928,rd,9.613423004338983,0,50,2000,True,1tag
13928,rd,8.32104900473496,1,50,2000,True,1tag
13928,rd,8.4430839997367,2,50,2000,True,1tag
13928,rd,8.983330000774004,3,50,2000,True,1tag
13928,rd,8.536493995052297,4,50,2000,True,1tag
13928,rd,9.132890998444054,5,50,2000,True,1tag
13928,rd,9.377515998494346,6,50,2000,True,1tag
13928,rd,9.628111998608802,7,50,2000,True,1tag
13928,rd,10.091620999446604,8,50,2000,True,1tag
13928,rd,8.836672001052648,9,50,2000,True,1tag
13928,rd,8.67329900211189,10,50,2000,True,1tag
13928,rd,10.399118000350427,11,50,2000,True,1tag
13928,rd,9.104669006774202,12,50,2000,True,1tag
13928,rd,8.966312998381909,13,50,2000,True,1tag
13928,rd,12.929315002111252,14,50,2000,True,1tag
13928,rd,18.758439997327514,15,50,2000,True,1tag
13928,rd,10.990888993546832,16,50,2000,True,1tag
13928,rd,19.374708994291723,17,50,2000,True,1tag
13928,rd,9.442185000807513,18,50,2000,True,1tag
13928,rd,10.578560999420006,19,50,2000,True,1tag
13928,rd,11.665505997370929,20,50,2000,True,1tag
13928,rd,11.519677005708218,21,50,2000,True,1tag
13928,rd,9.128454003075603,22,50,2000,True,1tag
13928,rd,12.680111998633947,23,50,2000,True,1tag
13928,rd,10.215760004939511,24,50,2000,True,1tag
13928,rd,10.730326997872908,25,50,2000,True,1tag
13928,rd,11.566986999241635,26,50,2000,True,1tag
13928,rd,16.632324004604015,27,50,2000,True,1tag
13928,rd,9.776453000085894,28,50,2000,True,1tag
13928,rd,11.183182999957353,29,50,2000,True,1tag
24539,rd,15.659538003092166,0,89,2000,False,2tag
24539,rd,16.572897002333775,1,89,2000,False,2tag
24539,rd,15.559507002762984,2,89,2000,False,2tag
24539,rd,14.001568000821862,3,89,2000,False,2tag
24539,rd,14.652088000730146,4,89,2000,False,2tag
24539,rd,14.167827997880522,5,89,2000,False,2tag
24539,rd,13.325379994057585,6,89,2000,False,2tag
24539,rd,16.635977000987623,7,89,2000,False,2tag
24539,rd,14.7966280055698,8,89,2000,False,2tag
24539,rd,14.780613004404586,9,89,2000,False,2tag
24539,rd,15.392430999781936,10,89,2000,False,2tag
24539,rd,17.80040999437915,11,89,2000,False,2tag
24539,rd,14.989932999014854,12,89,2000,False,2tag
24539,rd,16.44259399472503,13,89,2000,False,2tag
24539,rd,17.156747002445627,14,89,2000,False,2tag
24539,rd,16.25424699886935,15,89,2000,False,2tag
24539,rd,15.16082899615867,16,89,2000,False,2tag
24539,rd,16.756603996327613,17,89,2000,False,2tag
24539,rd,15.676155002438463,18,89,2000,False,2tag
24539,rd,17.298162005317863,19,89,2000,False,2tag
24539,rd,25.898669999151025,20,89,2000,False,2tag
24539,rd,15.594688004057389,21,89,2000,False,2tag
24539,rd,13.861890998668969,22,89,2000,False,2tag
24539,rd,13.11006500327494,23,89,2000,False,2tag
24539,rd,15.01203599764267,24,89,2000,False,2tag
24539,rd,13.437000001431443,25,89,2000,False,2tag
24539,rd,13.953517001937144,26,89,2000,False,2tag
24539,rd,14.05711899860762,27,89,2000,False,2tag
24539,rd,15.931339999951888,28,89,2000,False,2tag
24539,rd,16.802807003841735,29,89,2000,False,2tag
13958,rd,9.668588005297352,0,50,2000,True,2tag
13958,rd,10.08739200187847,1,50,2000,True,2tag
13958,rd,10.145836000447161,2,50,2000,True,2tag
13958,rd,9.487310002441518,3,50,2000,True,2tag
13958,rd,9.5895170015865,4,50,2000,True,2tag
13958,rd,10.080770000058692,5,50,2000,True,2tag
13958,rd,9.338559000752866,6,50,2000,True,2tag
13958,rd,10.543985998083372,7,50,2000,True,2tag
13958,rd,10.72171099804109,8,50,2000,True,2tag
13958,rd,10.119856997334864,9,50,2000,True,2tag
13958,rd,9.508713999821339,10,50,2000,True,2tag
13958,rd,11.085523998190183,11,50,2000,True,2tag
13958,rd,9.521636995486915,12,50,2000,True,2tag
13958,rd,9.467690004385076,13,50,2000,True,2tag
13958,rd,10.715579002862796,14,50,2000,True,2tag
13958,rd,9.725667005113792,15,50,2000,True,2tag
13958,rd,9.212469005433377,16,50,2000,True,2tag
13958,rd,10.253702996124048,17,50,2000,True,2tag
13958,rd,9.102791002078447,18,50,2000,True,2tag
13958,rd,8.911246004572604,19,50,2000,True,2tag
13958,rd,9.272789997339714,20,50,2000,True,2tag
13958,rd,9.090232997550629,21,50,2000,True,2tag
13958,rd,8.199798998248298,22,50,2000,True,2tag
13958,rd,9.337847994174808,23,50,2000,True,2tag
13958,rd,8.321045002958272,24,50,2000,True,2tag
13958,rd,8.350923999387305,25,50,2000,True,2tag
13958,rd,9.95380499807652,26,50,2000,True,2tag
13958,rd,8.497877999616321,27,50,2000,True,2tag
13958,rd,8.694380005181301,28,50,2000,True,2tag
13958,rd,8.49450399982743,29,50,2000,True,2tag
6943,rd,7.467167000868358,0,24,2000,False,3tag
6943,rd,5.2523650010698475,1,24,2000,False,3tag
6943,rd,5.392764003772754,2,24,2000,False,3tag
6943,rd,5.367207006202079,3,24,2000,False,3tag
6943,rd,4.65977999556344,4,24,2000,False,3tag
6943,rd,10.116418998222798,5,24,2000,False,3tag
6943,rd,7.26927299547242,6,24,2000,False,3tag
6943,rd,6.32499999483116,7,24,2000,False,3tag
6943,rd,7.294695999007672,8,24,2000,False,3tag
6943,rd,6.679180994979106,9,24,2000,False,3tag
6943,rd,9.062573000846896,10,24,2000,False,3tag
6943,rd,6.79889499588171,11,24,2000,False,3tag
6943,rd,9.525187000690494,12,24,2000,False,3tag
6943,rd,16.05222800571937,13,24,2000,False,3tag
6943,rd,16.44893200136721,14,24,2000,False,3tag
6943,rd,18.55502399848774,15,24,2000,False,3tag
6943,rd,18.507031003537122,16,24,2000,False,3tag
6943,rd,16.77384300273843,17,24,2000,False,3tag
6943,rd,22.341215000778902,18,24,2000,False,3tag
6943,rd,16.252433000772726,19,24,2000,False,3tag
6943,rd,17.877091995615046,20,24,2000,False,3tag
6943,rd,15.397709998069331,21,24,2000,False,3tag
6943,rd,113.20675000024494,22,24,2000,False,3tag
6943,rd,9.000652993563563,23,24,2000,False,3tag
6943,rd,7.801300002029166,24,24,2000,False,3tag
6943,rd,8.430968002357986,25,24,2000,False,3tag
6943,rd,18.22086099855369,26,24,2000,False,3tag
6943,rd,12.676835998718161,27,24,2000,False,3tag
6943,rd,9.903979997034185,28,24,2000,False,3tag
6943,rd,6.467252998845652,29,24,2000,False,3tag
7055,rd,9.112225998251233,0,24,2000,True,3tag
7055,rd,6.998342003498692,1,24,2000,True,3tag
7055,rd,6.443455000407994,2,24,2000,True,3tag
7055,rd,6.075903998862486,3,24,2000,True,3tag
7055,rd,5.237320001469925,4,24,2000,True,3tag
7055,rd,6.441199002438225,5,24,2000,True,3tag
7055,rd,7.208293005533051,6,24,2000,True,3tag
7055,rd,10.33407300565159,7,24,2000,True,3tag
7055,rd,9.741350004333071,8,24,2000,True,3tag
7055,rd,7.429023004078772,9,24,2000,True,3tag
7055,rd,6.294967999565415,10,24,2000,True,3tag
7055,rd,5.237819998001214,11,24,2000,True,3tag
7055,rd,5.505868997715879,12,24,2000,True,3tag
7055,rd,7.546745997387916,13,24,2000,True,3tag
7055,rd,5.270192996249534,14,24,2000,True,3tag
7055,rd,5.832682996697258,15,24,2000,True,3tag
7055,rd,6.132351001724601,16,24,2000,True,3tag
7055,rd,5.8473079989198595,17,24,2000,True,3tag
7055,rd,5.564047001826111,18,24,2000,True,3tag
7055,rd,6.326087997877039,19,24,2000,True,3tag
7055,rd,6.202775999554433,20,24,2000,True,3tag
7055,rd,6.595243998162914,21,24,2000,True,3tag
7055,rd,7.092788000591099,22,24,2000,True,3tag
7055,rd,6.488659004389774,23,24,2000,True,3tag
7055,rd,6.924305002030451,24,24,2000,True,3tag
7055,rd,6.5040900008170865,25,24,2000,True,3tag
7055,rd,5.775691002781969,26,24,2000,True,3tag
7055,rd,5.7957829994848,27,24,2000,True,3tag
7055,rd,6.419970995921176,28,24,2000,True,3tag
7055,rd,5.9369090013206005,29,24,2000,True,3tag
691375,rd,1041.0298159986269,0,2500,5000,False,1tag
692013,rd,1070.2678590023424,1,2500,5000,False,1tag
692651,rd,1345.4000339988852,2,2500,5000,False,1tag
692651,rd,1026.446832001966,3,2500,5000,False,1tag
692651,rd,1005.7492890045978,4,2500,5000,False,1tag
692651,rd,771.1078499996802,5,2500,5000,False,1tag
692651,rd,1074.843629001407,6,2500,5000,False,1tag
692651,rd,1034.8137900000438,7,2500,5000,False,1tag
692651,rd,1052.6258559984853,8,2500,5000,False,1tag
692651,rd,1308.2188319967827,9,2500,5000,False,1tag
692651,rd,953.5500319980201,10,2500,5000,False,1tag
692651,rd,589.702629004023,11,2500,5000,False,1tag
692651,rd,449.8767039985978,12,2500,5000,False,1tag
692651,rd,443.86520600528456,13,2500,5000,False,1tag
692651,rd,504.76412599527976,14,2500,5000,False,1tag
692651,rd,1209.6430069941562,15,2500,5000,False,1tag
692651,rd,641.2300309966668,16,2500,5000,False,1tag
692651,rd,538.253081998846,17,2500,5000,False,1tag
692651,rd,486.1903370037908,18,2500,5000,False,1tag
692651,rd,512.8213589996449,19,2500,5000,False,1tag
692651,rd,505.474673002027,20,2500,5000,False,1tag
692651,rd,657.4279780033976,21,2500,5000,False,1tag
692651,rd,977.0828600012464,22,2500,5000,False,1tag
692651,rd,618.9136790053453,23,2500,5000,False,1tag
692651,rd,839.1664939990733,24,2500,5000,False,1tag
692651,rd,1113.554525996733,25,2500,5000,False,1tag
692651,rd,1034.7032819991,26,2500,5000,False,1tag
692651,rd,806.2731350000831,27,2500,5000,False,1tag
692651,rd,868.728966001072,28,2500,5000,False,1tag
692651,rd,878.7351510036387,29,2500,5000,False,1tag
13954,rd,16.819668002426624,0,50,5000,True,1tag
13954,rd,14.174356001603883,1,50,5000,True,1tag
13954,rd,13.347761996556073,2,50,5000,True,1tag
13954,rd,21.612579002976418,3,50,5000,True,1tag
13954,rd,21.614041994325817,4,50,5000,True,1tag
13954,rd,17.183367999678012,5,50,5000,True,1tag
13954,rd,20.33196899719769,6,50,5000,True,1tag
13954,rd,26.605668994307052,7,50,5000,True,1tag
13954,rd,19.53567599412054,8,50,5000,True,1tag
13954,rd,18.333669999265112,9,50,5000,True,1tag
13954,rd,26.90623099624645,10,50,5000,True,1tag
13954,rd,20.805553998798132,11,50,5000,True,1tag
13954,rd,17.709941006614827,12,50,5000,True,1tag
13954,rd,19.22271899820771,13,50,5000,True,1tag
13954,rd,14.91153799724998,14,50,5000,True,1tag
13954,rd,20.094981999136508,15,50,5000,True,1tag
13954,rd,14.307331999589223,16,50,5000,True,1tag
13954,rd,29.416216995741706,17,50,5000,True,1tag
13954,rd,36.1185639994801,18,50,5000,True,1tag
13954,rd,27.5259050031309,19,50,5000,True,1tag
13954,rd,29.763488993921783,20,50,5000,True,1tag
13954,rd,27.651978001813404,21,50,5000,True,1tag
13954,rd,26.248983995174058,22,50,5000,True,1tag
13954,rd,32.40455100603867,23,50,5000,True,1tag
13954,rd,40.0174309979775,24,50,5000,True,1tag
13954,rd,28.61273699818412,25,50,5000,True,1tag
13954,rd,20.89841699489625,26,50,5000,True,1tag
13954,rd,21.501265997358132,27,50,5000,True,1tag
13954,rd,21.9181810025475,28,50,5000,True,1tag
13954,rd,24.04710100381635,29,50,5000,True,1tag
61633,rd,65.49056899530115,0,222,5000,False,2tag
61633,rd,71.64247799664736,1,222,5000,False,2tag
61633,rd,44.075917001464404,2,222,5000,False,2tag
61633,rd,85.28565799497301,3,222,5000,False,2tag
61633,rd,77.4437109939754,4,222,5000,False,2tag
61633,rd,57.16682600177592,5,222,5000,False,2tag
61633,rd,90.55774000444217,6,222,5000,False,2tag
61633,rd,101.30676100379787,7,222,5000,False,2tag
61633,rd,49.35383600241039,8,222,5000,False,2tag
61633,rd,86.19195799838053,9,222,5000,False,2tag
61633,rd,84.08682500157738,10,222,5000,False,2tag
61633,rd,56.17899799835868,11,222,5000,False,2tag
61633,rd,46.767209001700394,12,222,5000,False,2tag
61633,rd,66.57770300080301,13,222,5000,False,2tag
61633,rd,67.007656005444,14,222,5000,False,2tag
61633,rd,44.9630889997934,15,222,5000,False,2tag
61633,rd,68.01529200311052,16,222,5000,False,2tag
61633,rd,63.876644999254495,17,222,5000,False,2tag
61633,rd,42.704261002654675,18,222,5000,False,2tag
61633,rd,55.414552000002004,19,222,5000,False,2tag
61633,rd,53.129868996620644,20,222,5000,False,2tag
61633,rd,59.50760599807836,21,222,5000,False,2tag
61633,rd,91.70868300134316,22,222,5000,False,2tag
61633,rd,69.62813200516393,23,222,5000,False,2tag
61633,rd,102.14816400548443,24,222,5000,False,2tag
61633,rd,71.21165699936682,25,222,5000,False,2tag
61633,rd,81.78397500159917,26,222,5000,False,2tag
61633,rd,72.40467200608691,27,222,5000,False,2tag
61633,rd,64.77157699555391,28,222,5000,False,2tag
61633,rd,56.42059299862012,29,222,5000,False,2tag
13984,rd,13.762396003585309,0,50,5000,True,2tag
13984,rd,16.05852399370633,1,50,5000,True,2tag
13984,rd,25.148759996227454,2,50,5000,True,2tag
13984,rd,19.736460002604872,3,50,5000,True,2tag
13984,rd,34.707826998783275,4,50,5000,True,2tag
13984,rd,26.001958998676855,5,50,5000,True,2tag
13984,rd,14.7514999989653,6,50,5000,True,2tag
13984,rd,16.160599996510427,7,50,5000,True,2tag
13984,rd,17.4207390009542,8,50,5000,True,2tag
13984,rd,17.6372790010646,9,50,5000,True,2tag
13984,rd,17.857068000012077,10,50,5000,True,2tag
13984,rd,15.975018999597523,11,50,5000,True,2tag
13984,rd,16.87970199418487,12,50,5000,True,2tag
13984,rd,14.549661995260976,13,50,5000,True,2tag
13984,rd,18.267064995598048,14,50,5000,True,2tag
13984,rd,16.269294996163808,15,50,5000,True,2tag
13984,rd,12.962881999555975,16,50,5000,True,2tag
13984,rd,14.53568500437541,17,50,5000,True,2tag
13984,rd,11.920431999897119,18,50,5000,True,2tag
13984,rd,12.796308001270518,19,50,5000,True,2tag
13984,rd,15.163609001319855,20,50,5000,True,2tag
13984,rd,13.393480992817786,21,50,5000,True,2tag
13984,rd,11.67102299950784,22,50,5000,True,2tag
13984,rd,13.521525004762225,23,50,5000,True,2tag
13984,rd,14.80259600066347,24,50,5000,True,2tag
13984,rd,16.793971000879537,25,50,5000,True,2tag
13984,rd,12.209376000100747,26,50,5000,True,2tag
13984,rd,12.806429003831,27,50,5000,True,2tag
13984,rd,15.757342000142671,28,50,5000,True,2tag
13984,rd,17.35263899900019,29,50,5000,True,2tag
19626,rd,15.379578995634802,0,68,5000,False,3tag
19626,rd,17.65524799702689,1,68,5000,False,3tag
19626,rd,15.339707002567593,2,68,5000,False,3tag
19626,rd,27.801866999652702,3,68,5000,False,3tag
19626,rd,18.141407002985943,4,68,5000,False,3tag
19626,rd,15.326531000027899,5,68,5000,False,3tag
19626,rd,17.889533999550622,6,68,5000,False,3tag
19626,rd,25.844468000286724,7,68,5000,False,3tag
19626,rd,17.300489998888224,8,68,5000,False,3tag
19626,rd,14.330020996567328,9,68,5000,False,3tag
19626,rd,26.37121300358558,10,68,5000,False,3tag
19626,rd,17.514273000415415,11,68,5000,False,3tag
19626,rd,18.87189000262879,12,68,5000,False,3tag
19626,rd,19.79535099962959,13,68,5000,False,3tag
19626,rd,21.010149001085665,14,68,5000,False,3tag
19626,rd,18.752441996184643,15,68,5000,False,3tag
19626,rd,18.234003997349646,16,68,5000,False,3tag
19626,rd,17.140764997748192,17,68,5000,False,3tag
19626,rd,17.55468900228152,18,68,5000,False,3tag
19626,rd,19.13231800426729,19,68,5000,False,3tag
19626,rd,20.734931000333745,20,68,5000,False,3tag
19626,rd,18.474145006621256,21,68,5000,False,3tag
19626,rd,19.00572999875294,22,68,5000,False,3tag
19626,rd,26.931756001431495,23,68,5000,False,3tag
19626,rd,30.66284799569985,24,68,5000,False,3tag
19626,rd,27.14899899729062,25,68,5000,False,3tag
19626,rd,37.03049699834082,26,68,5000,False,3tag
19626,rd,35.73547199630411,27,68,5000,False,3tag
19626,rd,44.92291100177681,28,68,5000,False,3tag
19626,rd,50.738772995828185,29,68,5000,False,3tag
14719,rd,20.480289997067302,0,50,5000,True,3tag
14719,rd,18.4668319998309,1,50,5000,True,3tag
14719,rd,14.292951003881171,2,50,5000,True,3tag
14719,rd,25.335685000754893,3,50,5000,True,3tag
14719,rd,17.221065994817764,4,50,5000,True,3tag
14719,rd,17.712751003273297,5,50,5000,True,3tag
14719,rd,20.38855099817738,6,50,5000,True,3tag
14719,rd,25.6946559966309,7,50,5000,True,3tag
14719,rd,25.917812999978196,8,50,5000,True,3tag
14719,rd,23.112183997000102,9,50,5000,True,3tag
14719,rd,17.106352002883796,10,50,5000,True,3tag
14719,rd,14.385579001100268,11,50,5000,True,3tag
14719,rd,13.94678699580254,12,50,5000,True,3tag
14719,rd,23.51987099973485,13,50,5000,True,3tag
14719,rd,27.088934999483172,14,50,5000,True,3tag
14719,rd,24.946551995526534,15,50,5000,True,3tag
14719,rd,19.025686000532005,16,50,5000,True,3tag
14719,rd,20.404928000061773,17,50,5000,True,3tag
14719,rd,15.556085003481712,18,50,5000,True,3tag
14719,rd,14.6252699996694,19,50,5000,True,3tag
14719,rd,13.172394996217918,20,50,5000,True,3tag
14719,rd,40.06247500365134,21,50,5000,True,3tag
14719,rd,22.54802599782124,22,50,5000,True,3tag
14719,rd,24.776542995823547,23,50,5000,True,3tag
14719,rd,51.824428999680094,24,50,5000,True,3tag
14719,rd,37.15518699755194,25,50,5000,True,3tag
14719,rd,40.987829997902736,26,50,5000,True,3tag
14719,rd,19.036220997804776,27,50,5000,True,3tag
14719,rd,20.229250003467314,28,50,5000,True,3tag
14719,rd,21.658827994542662,29,50,5000,True,3tag
